14/11/19;3096.63 
13/11/19;3094.04 
12/11/19;3091.84 
11/11/19;3087.01 
08/11/19;3093.08 
07/11/19;3085.18 
06/11/19;3076.78 
05/11/19;3074.62 
04/11/19;3078.27 
01/11/19;3066.91 
31/10/19;3037.56 
30/10/19;3046.77 
29/10/19;3036.89 
28/10/19;3039.42 
25/10/19;3022.55 
24/10/19;3010.29 
23/10/19;3004.52 
22/10/19;2995.99 
21/10/19;3006.72 
18/10/19;2986.20 
17/10/19;2997.95 
16/10/19;2989.69 
15/10/19;2995.68 
14/10/19;2966.15 
11/10/19;2970.27 
10/10/19;2938.13 
09/10/19;2919.40 
08/10/19;2893.06 
07/10/19;2938.79 
04/10/19;2952.01 
03/10/19;2910.63 
02/10/19;2887.61 
01/10/19;2940.25 
30/09/19;2976.74 
27/09/19;2961.79 
26/09/19;2977.62 
25/09/19;2984.87 
24/09/19;2966.60 
23/09/19;2991.78 
20/09/19;2992.07 
19/09/19;3006.79 
18/09/19;3006.73 
17/09/19;3005.70 
16/09/19;2997.96 
13/09/19;3007.39 
12/09/19;3009.57 
11/09/19;3000.93 
10/09/19;2979.39 
09/09/19;2978.43 
06/09/19;2978.71 
05/09/19;2976.00 
04/09/19;2937.78 
03/09/19;2906.27 
30/08/19;2926.46 
29/08/19;2924.58 
28/08/19;2887.94 
27/08/19;2869.16 
26/08/19;2878.38 
23/08/19;2847.11 
22/08/19;2922.95 
21/08/19;2924.43 
20/08/19;2900.51 
19/08/19;2923.65 
16/08/19;2888.68 
15/08/19;2847.60 
14/08/19;2840.60 
13/08/19;2926.32 
12/08/19;2883.75 
09/08/19;2918.65 
08/08/19;2938.09 
07/08/19;2883.98 
06/08/19;2881.77 
05/08/19;2844.74 
02/08/19;2932.05 
01/08/19;2953.56 
31/07/19;2980.38 
30/07/19;3013.18 
29/07/19;3020.97 
26/07/19;3025.86 
25/07/19;3003.67 
24/07/19;3019.56 
23/07/19;3005.47 
22/07/19;2985.03 
19/07/19;2976.61 
18/07/19;2995.11 
17/07/19;2984.42 
16/07/19;3004.04 
15/07/19;3014.30 
12/07/19;3013.77 
11/07/19;2999.91 
10/07/19;2993.07 
09/07/19;2979.63 
08/07/19;2975.95 
05/07/19;2990.41 
03/07/19;2995.82 
02/07/19;2973.01 
01/07/19;2964.33 
28/06/19;2941.76 
27/06/19;2924.92 
26/06/19;2913.78 
25/06/19;2917.38 
24/06/19;2945.35 
21/06/19;2950.46 
20/06/19;2954.18 
19/06/19;2926.46 
18/06/19;2917.75 
17/06/19;2889.67 
14/06/19;2886.98 
13/06/19;2891.64 
12/06/19;2879.84 
11/06/19;2885.72 
10/06/19;2886.73 
07/06/19;2873.34 
06/06/19;2843.49 
05/06/19;2826.15 
04/06/19;2803.27 
03/06/19;2744.45 
31/05/19;2752.06 
30/05/19;2788.86 
29/05/19;2783.02 
28/05/19;2802.39 
24/05/19;2826.06 
23/05/19;2822.24 
22/05/19;2856.27 
21/05/19;2864.36 
20/05/19;2840.23 
17/05/19;2859.53 
16/05/19;2876.32 
15/05/19;2850.96 
14/05/19;2834.41 
13/05/19;2811.87 
10/05/19;2881.40 
09/05/19;2870.72 
08/05/19;2879.42 
07/05/19;2884.05 
06/05/19;2932.47 
03/05/19;2945.64 
02/05/19;2917.52 
01/05/19;2923.73 
30/04/19;2945.83 
29/04/19;2943.03 
26/04/19;2939.88 
25/04/19;2926.17 
24/04/19;2927.25 
23/04/19;2933.68 
22/04/19;2907.97 
18/04/19;2905.03 
17/04/19;2900.45 
16/04/19;2907.06 
15/04/19;2905.58 
12/04/19;2907.41 
11/04/19;2888.32 
10/04/19;2888.21 
09/04/19;2878.20 
08/04/19;2895.77 
05/04/19;2892.74 
04/04/19;2879.39 
03/04/19;2873.40 
02/04/19;2867.24 
01/04/19;2867.19 
29/03/19;2834.40 
28/03/19;2815.44 
27/03/19;2805.37 
26/03/19;2818.46 
25/03/19;2798.36 
22/03/19;2800.71 
21/03/19;2854.88 
20/03/19;2824.23 
19/03/19;2832.57 
18/03/19;2832.94 
15/03/19;2822.48 
14/03/19;2808.48 
13/03/19;2810.92 
12/03/19;2791.52 
11/03/19;2783.30 
08/03/19;2743.07 
07/03/19;2748.93 
06/03/19;2771.45 
05/03/19;2789.65 
04/03/19;2792.81 
01/03/19;2803.69 
28/02/19;2784.49 
27/02/19;2792.38 
26/02/19;2793.90 
25/02/19;2796.11 
22/02/19;2792.67 
21/02/19;2774.88 
20/02/19;2784.70 
19/02/19;2779.76 
15/02/19;2775.60 
14/02/19;2745.73 
13/02/19;2753.03 
12/02/19;2744.73 
11/02/19;2709.80 
08/02/19;2707.88 
07/02/19;2706.05 
06/02/19;2731.61 
05/02/19;2737.70 
04/02/19;2724.87 
01/02/19;2706.53 
31/01/19;2704.10 
30/01/19;2681.05 
29/01/19;2640.00 
28/01/19;2643.85 
25/01/19;2664.76 
24/01/19;2642.33 
23/01/19;2638.70 
22/01/19;2632.90 
18/01/19;2670.71 
17/01/19;2635.96 
16/01/19;2616.10 
15/01/19;2610.30 
14/01/19;2582.61 
11/01/19;2596.26 
10/01/19;2596.64 
09/01/19;2584.96 
08/01/19;2574.41 
07/01/19;2549.69 
04/01/19;2531.94 
03/01/19;2447.89 
02/01/19;2510.03 
31/12/18;2506.85 
28/12/18;2485.74 
27/12/18;2488.83 
26/12/18;2467.70 
24/12/18;2351.10 
21/12/18;2416.62 
20/12/18;2467.42 
19/12/18;2506.96 
18/12/18;2546.16 
17/12/18;2545.94 
14/12/18;2599.95 
13/12/18;2650.54 
12/12/18;2651.07 
11/12/18;2636.78 
10/12/18;2637.72 
07/12/18;2633.08 
06/12/18;2695.95 
04/12/18;2700.06 
03/12/18;2790.37 
30/11/18;2760.17 
29/11/18;2737.76 
28/11/18;2743.79 
27/11/18;2682.17 
26/11/18;2673.45 
23/11/18;2632.56 
21/11/18;2649.93 
20/11/18;2641.89 
19/11/18;2690.73 
16/11/18;2736.27 
15/11/18;2730.20 
14/11/18;2701.58 
13/11/18;2722.18 
12/11/18;2726.22 
09/11/18;2781.01 
08/11/18;2806.83 
07/11/18;2813.89 
06/11/18;2755.45 
05/11/18;2738.31 
02/11/18;2723.06 
01/11/18;2740.37 
31/10/18;2711.74 
30/10/18;2682.63 
29/10/18;2641.25 
26/10/18;2658.69 
25/10/18;2705.57 
24/10/18;2656.10 
23/10/18;2740.69 
22/10/18;2755.88 
19/10/18;2767.78 
18/10/18;2768.78 
17/10/18;2809.21 
16/10/18;2809.92 
15/10/18;2750.79 
12/10/18;2767.13 
11/10/18;2728.37 
10/10/18;2785.68 
09/10/18;2880.34 
08/10/18;2884.43 
05/10/18;2885.57 
04/10/18;2901.61 
03/10/18;2925.51 
02/10/18;2923.43 
01/10/18;2924.59 
28/09/18;2913.98 
27/09/18;2914.00 
26/09/18;2905.97 
25/09/18;2915.56 
24/09/18;2919.37 
21/09/18;2929.67 
20/09/18;2930.75 
19/09/18;2907.95 
18/09/18;2904.31 
17/09/18;2888.80 
14/09/18;2904.98 
13/09/18;2904.18 
12/09/18;2888.92 
11/09/18;2887.89 
10/09/18;2877.13 
07/09/18;2871.68 
06/09/18;2878.05 
05/09/18;2888.60 
04/09/18;2896.72 
31/08/18;2901.52 
30/08/18;2901.13 
29/08/18;2914.04 
28/08/18;2897.52 
27/08/18;2896.74 
24/08/18;2874.69 
23/08/18;2856.98 
22/08/18;2861.82 
21/08/18;2862.96 
20/08/18;2857.05 
17/08/18;2850.13 
16/08/18;2840.69 
15/08/18;2818.37 
14/08/18;2839.96 
13/08/18;2821.93 
10/08/18;2833.28 
09/08/18;2853.58 
08/08/18;2857.70 
07/08/18;2858.45 
06/08/18;2850.40 
03/08/18;2840.35 
02/08/18;2827.22 
01/08/18;2813.36 
31/07/18;2816.29 
30/07/18;2802.60 
27/07/18;2818.82 
26/07/18;2837.44 
25/07/18;2846.07 
24/07/18;2820.40 
23/07/18;2806.98 
20/07/18;2801.83 
19/07/18;2804.49 
18/07/18;2815.62 
17/07/18;2809.55 
16/07/18;2798.43 
13/07/18;2801.31 
12/07/18;2798.29 
11/07/18;2774.02 
10/07/18;2793.84 
09/07/18;2784.17 
06/07/18;2759.82 
05/07/18;2736.61 
03/07/18;2713.22 
02/07/18;2726.71 
29/06/18;2718.37 
28/06/18;2716.31 
27/06/18;2699.63 
26/06/18;2723.06 
25/06/18;2717.07 
22/06/18;2754.88 
21/06/18;2749.76 
20/06/18;2767.32 
19/06/18;2762.59 
18/06/18;2773.75 
15/06/18;2779.66 
14/06/18;2782.49 
13/06/18;2775.63 
12/06/18;2786.85 
11/06/18;2782.00 
08/06/18;2779.03 
07/06/18;2770.37 
06/06/18;2772.35 
05/06/18;2748.80 
04/06/18;2746.87 
01/06/18;2734.62 
31/05/18;2705.27 
30/05/18;2724.01 
29/05/18;2689.86 
25/05/18;2721.33 
24/05/18;2727.76 
23/05/18;2733.29 
22/05/18;2724.44 
21/05/18;2733.01 
18/05/18;2712.97 
17/05/18;2720.13 
16/05/18;2722.46 
15/05/18;2711.45 
14/05/18;2730.13 
11/05/18;2727.72 
10/05/18;2723.07 
09/05/18;2697.79 
08/05/18;2671.92 
07/05/18;2672.63 
04/05/18;2663.42 
03/05/18;2629.73 
02/05/18;2635.67 
01/05/18;2654.80 
30/04/18;2648.05 
27/04/18;2669.91 
26/04/18;2666.94 
25/04/18;2639.40 
24/04/18;2634.56 
23/04/18;2670.29 
20/04/18;2670.14 
19/04/18;2693.13 
18/04/18;2708.64 
17/04/18;2706.39 
16/04/18;2677.84 
13/04/18;2656.30 
12/04/18;2663.99 
11/04/18;2642.19 
10/04/18;2656.87 
09/04/18;2613.16 
06/04/18;2604.47 
05/04/18;2662.84 
04/04/18;2644.69 
03/04/18;2614.45 
02/04/18;2581.88 
29/03/18;2640.87 
28/03/18;2605.00 
27/03/18;2612.62 
26/03/18;2658.55 
23/03/18;2588.26 
22/03/18;2643.69 
21/03/18;2711.93 
20/03/18;2716.94 
19/03/18;2712.92 
16/03/18;2752.01 
15/03/18;2747.33 
14/03/18;2749.48 
13/03/18;2765.31 
12/03/18;2783.02 
09/03/18;2786.57 
08/03/18;2738.97 
07/03/18;2726.80 
06/03/18;2728.12 
05/03/18;2720.94 
02/03/18;2691.25 
01/03/18;2677.67 
28/02/18;2713.83 
27/02/18;2744.28 
26/02/18;2779.60 
23/02/18;2747.30 
22/02/18;2703.96 
21/02/18;2701.33 
20/02/18;2716.26 
16/02/18;2732.22 
15/02/18;2731.20 
14/02/18;2698.63 
13/02/18;2662.94 
12/02/18;2656.00 
09/02/18;2619.55 
08/02/18;2581.00 
07/02/18;2681.66 
06/02/18;2695.14 
05/02/18;2648.94 
02/02/18;2762.13 
01/02/18;2821.98 
31/01/18;2823.81 
30/01/18;2822.43 
29/01/18;2853.53 
26/01/18;2872.87 
25/01/18;2839.25 
24/01/18;2837.54 
23/01/18;2839.13 
22/01/18;2832.97 
19/01/18;2810.30 
18/01/18;2798.03 
17/01/18;2802.56 
16/01/18;2776.42 
12/01/18;2786.24 
11/01/18;2767.56 
10/01/18;2748.23 
09/01/18;2751.29 
08/01/18;2747.71 
05/01/18;2743.15 
04/01/18;2723.99 
03/01/18;2713.06 
02/01/18;2695.81 
29/12/17;2673.61 
28/12/17;2687.54 
27/12/17;2682.62 
26/12/17;2680.50 
22/12/17;2683.34 
21/12/17;2684.57 
20/12/17;2679.25 
19/12/17;2681.47 
18/12/17;2690.16 
15/12/17;2675.81 
14/12/17;2652.01 
13/12/17;2662.85 
12/12/17;2664.11 
11/12/17;2659.99 
08/12/17;2651.50 
07/12/17;2636.98 
06/12/17;2629.27 
05/12/17;2629.57 
04/12/17;2639.44 
01/12/17;2642.22 
30/11/17;2647.58 
29/11/17;2626.07 
28/11/17;2627.04 
27/11/17;2601.42 
24/11/17;2602.42 
22/11/17;2597.08 
21/11/17;2599.03 
20/11/17;2582.14 
17/11/17;2578.85 
16/11/17;2585.64 
15/11/17;2564.62 
14/11/17;2578.87 
13/11/17;2584.84 
10/11/17;2582.30 
09/11/17;2584.62 
08/11/17;2594.38 
07/11/17;2590.64 
06/11/17;2591.13 
03/11/17;2587.84 
02/11/17;2579.85 
01/11/17;2579.36 
31/10/17;2575.26 
30/10/17;2572.83 
27/10/17;2581.07 
26/10/17;2560.40 
25/10/17;2557.15 
24/10/17;2569.13 
23/10/17;2564.98 
20/10/17;2575.21 
19/10/17;2562.10 
18/10/17;2561.26 
17/10/17;2559.36 
16/10/17;2557.64 
13/10/17;2553.17 
12/10/17;2550.93 
11/10/17;2555.24 
10/10/17;2550.64 
09/10/17;2544.73 
06/10/17;2549.33 
05/10/17;2552.07 
04/10/17;2537.74 
03/10/17;2534.58 
02/10/17;2529.12 
29/09/17;2519.36 
28/09/17;2510.06 
27/09/17;2507.04 
26/09/17;2496.84 
25/09/17;2496.66 
22/09/17;2502.22 
21/09/17;2500.60 
20/09/17;2508.24 
19/09/17;2506.65 
18/09/17;2503.87 
15/09/17;2500.23 
14/09/17;2495.62 
13/09/17;2498.37 
12/09/17;2496.48 
11/09/17;2488.11 
08/09/17;2461.43 
07/09/17;2465.10 
06/09/17;2465.54 
05/09/17;2457.85 
01/09/17;2476.55 
31/08/17;2471.65 
30/08/17;2457.59 
29/08/17;2446.30 
28/08/17;2444.24 
25/08/17;2443.05 
24/08/17;2438.97 
23/08/17;2444.04 
22/08/17;2452.51 
21/08/17;2428.37 
18/08/17;2425.55 
17/08/17;2430.01 
16/08/17;2468.11 
15/08/17;2464.61 
14/08/17;2465.84 
11/08/17;2441.32 
10/08/17;2438.21 
09/08/17;2474.02 
08/08/17;2474.92 
07/08/17;2480.91 
04/08/17;2476.83 
03/08/17;2472.16 
02/08/17;2477.57 
01/08/17;2476.35 
31/07/17;2470.30 
28/07/17;2472.10 
27/07/17;2475.42 
26/07/17;2477.83 
25/07/17;2477.13 
24/07/17;2469.91 
21/07/17;2472.54 
20/07/17;2473.45 
19/07/17;2473.83 
18/07/17;2460.61 
17/07/17;2459.14 
14/07/17;2459.27 
13/07/17;2447.83 
12/07/17;2443.25 
11/07/17;2425.53 
10/07/17;2427.43 
07/07/17;2425.18 
06/07/17;2409.75 
05/07/17;2432.54 
03/07/17;2429.01 
30/06/17;2423.41 
29/06/17;2419.70 
28/06/17;2440.69 
27/06/17;2419.38 
26/06/17;2439.07 
23/06/17;2438.30 
22/06/17;2434.50 
21/06/17;2435.61 
20/06/17;2437.03 
19/06/17;2453.46 
16/06/17;2433.15 
15/06/17;2432.46 
14/06/17;2437.92 
13/06/17;2440.35 
12/06/17;2429.39 
09/06/17;2431.77 
08/06/17;2433.79 
07/06/17;2433.14 
06/06/17;2429.33 
05/06/17;2436.10 
02/06/17;2439.07 
01/06/17;2430.06 
31/05/17;2411.80 
30/05/17;2412.91 
26/05/17;2415.82 
25/05/17;2415.07 
24/05/17;2404.39 
23/05/17;2398.42 
22/05/17;2394.02 
19/05/17;2381.73 
18/05/17;2365.72 
17/05/17;2357.03 
16/05/17;2400.67 
15/05/17;2402.32 
12/05/17;2390.90 
11/05/17;2394.44 
10/05/17;2399.63 
09/05/17;2396.92 
08/05/17;2399.38 
05/05/17;2399.29 
04/05/17;2389.52 
03/05/17;2388.13 
02/05/17;2391.17 
01/05/17;2388.33 
28/04/17;2384.20 
27/04/17;2388.77 
26/04/17;2387.45 
25/04/17;2388.61 
24/04/17;2374.15 
21/04/17;2348.69 
20/04/17;2355.84 
19/04/17;2338.17 
18/04/17;2342.19 
17/04/17;2349.01 
13/04/17;2328.95 
12/04/17;2344.93 
11/04/17;2353.78 
10/04/17;2357.16 
07/04/17;2355.54 
06/04/17;2357.49 
05/04/17;2352.95 
04/04/17;2360.16 
03/04/17;2358.84 
31/03/17;2362.72 
30/03/17;2368.06 
29/03/17;2361.13 
28/03/17;2358.57 
27/03/17;2341.59 
24/03/17;2343.98 
23/03/17;2345.96 
22/03/17;2348.45 
21/03/17;2344.02 
20/03/17;2373.47 
17/03/17;2378.25 
16/03/17;2381.38 
15/03/17;2385.26 
14/03/17;2365.45 
13/03/17;2373.47 
10/03/17;2372.60 
09/03/17;2364.87 
08/03/17;2362.98 
07/03/17;2368.39 
06/03/17;2375.31 
03/03/17;2383.12 
02/03/17;2381.92 
01/03/17;2395.96 
28/02/17;2363.64 
27/02/17;2369.75 
24/02/17;2367.34 
23/02/17;2363.81 
22/02/17;2362.82 
21/02/17;2365.38 
17/02/17;2351.16 
16/02/17;2347.22 
15/02/17;2349.25 
14/02/17;2337.58 
13/02/17;2328.25 
10/02/17;2316.10 
09/02/17;2307.87 
08/02/17;2294.67 
07/02/17;2293.08 
06/02/17;2292.56 
03/02/17;2297.42 
02/02/17;2280.85 
01/02/17;2279.55 
31/01/17;2278.87 
30/01/17;2280.90 
27/01/17;2294.69 
26/01/17;2296.68 
25/01/17;2298.37 
24/01/17;2280.07 
23/01/17;2265.20 
20/01/17;2271.31 
19/01/17;2263.69 
18/01/17;2271.89 
17/01/17;2267.89 
13/01/17;2274.64 
12/01/17;2270.44 
11/01/17;2275.32 
10/01/17;2268.90 
09/01/17;2268.90 
06/01/17;2276.98 
05/01/17;2269.00 
04/01/17;2270.75 
03/01/17;2257.83 
30/12/16;2238.83 
29/12/16;2249.26 
28/12/16;2249.92 
27/12/16;2268.88 
23/12/16;2263.79 
22/12/16;2260.96 
21/12/16;2265.18 
20/12/16;2270.76 
19/12/16;2262.53 
16/12/16;2258.07 
15/12/16;2262.03 
14/12/16;2253.28 
13/12/16;2271.72 
12/12/16;2256.96 
09/12/16;2259.53 
08/12/16;2246.19 
07/12/16;2241.35 
06/12/16;2212.23 
05/12/16;2204.71 
02/12/16;2191.95 
01/12/16;2191.08 
30/11/16;2198.81 
29/11/16;2204.66 
28/11/16;2201.72 
25/11/16;2213.35 
23/11/16;2204.72 
22/11/16;2202.94 
21/11/16;2198.18 
18/11/16;2181.90 
17/11/16;2187.12 
16/11/16;2176.94 
15/11/16;2180.39 
14/11/16;2164.20 
11/11/16;2164.45 
10/11/16;2167.48 
09/11/16;2163.26 
08/11/16;2139.56 
07/11/16;2131.52 
04/11/16;2085.18 
03/11/16;2088.66 
02/11/16;2097.94 
01/11/16;2111.72 
31/10/16;2126.15 
28/10/16;2126.41 
27/10/16;2133.04 
26/10/16;2139.43 
25/10/16;2143.16 
24/10/16;2151.33 
21/10/16;2141.16 
20/10/16;2141.34 
19/10/16;2144.29 
18/10/16;2139.60 
17/10/16;2126.50 
14/10/16;2132.98 
13/10/16;2132.55 
12/10/16;2139.18 
11/10/16;2136.73 
10/10/16;2163.66 
07/10/16;2153.74 
06/10/16;2160.77 
05/10/16;2159.73 
04/10/16;2150.49 
03/10/16;2161.20 
30/09/16;2168.27 
29/09/16;2151.13 
28/09/16;2171.37 
27/09/16;2159.93 
26/09/16;2146.10 
23/09/16;2164.69 
22/09/16;2177.18 
21/09/16;2163.12 
20/09/16;2139.76 
19/09/16;2139.12 
16/09/16;2139.16 
15/09/16;2147.26 
14/09/16;2125.77 
13/09/16;2127.02 
12/09/16;2159.04 
09/09/16;2127.81 
08/09/16;2181.30 
07/09/16;2186.16 
06/09/16;2186.48 
02/09/16;2179.98 
01/09/16;2170.86 
31/08/16;2170.95 
30/08/16;2176.12 
29/08/16;2180.38 
26/08/16;2169.04 
25/08/16;2172.47 
24/08/16;2175.44 
23/08/16;2186.90 
22/08/16;2182.64 
19/08/16;2183.87 
18/08/16;2187.02 
17/08/16;2182.22 
16/08/16;2178.15 
15/08/16;2190.15 
12/08/16;2184.05 
11/08/16;2185.79 
10/08/16;2175.49 
09/08/16;2181.74 
08/08/16;2180.89 
05/08/16;2182.87 
04/08/16;2164.25 
03/08/16;2163.79 
02/08/16;2157.03 
01/08/16;2170.84 
29/07/16;2173.60 
28/07/16;2170.06 
27/07/16;2166.58 
26/07/16;2169.18 
25/07/16;2168.48 
22/07/16;2175.03 
21/07/16;2165.17 
20/07/16;2173.02 
19/07/16;2163.78 
18/07/16;2166.89 
15/07/16;2161.74 
14/07/16;2163.75 
13/07/16;2152.43 
12/07/16;2152.14 
11/07/16;2137.16 
08/07/16;2129.90 
07/07/16;2097.90 
06/07/16;2099.73 
05/07/16;2088.55 
01/07/16;2102.95 
30/06/16;2098.86 
29/06/16;2070.77 
28/06/16;2036.09 
27/06/16;2000.54 
24/06/16;2037.41 
23/06/16;2113.32 
22/06/16;2085.45 
21/06/16;2088.90 
20/06/16;2083.25 
17/06/16;2071.22 
16/06/16;2077.99 
15/06/16;2071.50 
14/06/16;2075.32 
13/06/16;2079.06 
10/06/16;2096.07 
09/06/16;2115.48 
08/06/16;2119.12 
07/06/16;2112.13 
06/06/16;2109.41 
03/06/16;2099.13 
02/06/16;2105.26 
01/06/16;2099.33 
31/05/16;2096.96 
27/05/16;2099.06 
26/05/16;2090.10 
25/05/16;2090.54 
24/05/16;2076.06 
23/05/16;2048.04 
20/05/16;2052.32 
19/05/16;2040.04 
18/05/16;2047.63 
17/05/16;2047.21 
16/05/16;2066.66 
13/05/16;2046.61 
12/05/16;2064.11 
11/05/16;2064.46 
10/05/16;2084.39 
09/05/16;2058.69 
06/05/16;2057.14 
05/05/16;2050.63 
04/05/16;2051.12 
03/05/16;2063.37 
02/05/16;2081.43 
29/04/16;2065.30 
28/04/16;2075.81 
27/04/16;2095.15 
26/04/16;2091.70 
25/04/16;2087.79 
22/04/16;2091.58 
21/04/16;2091.48 
20/04/16;2102.40 
19/04/16;2100.80 
18/04/16;2094.34 
15/04/16;2080.73 
14/04/16;2082.78 
13/04/16;2082.42 
12/04/16;2061.72 
11/04/16;2041.99 
08/04/16;2047.60 
07/04/16;2041.91 
06/04/16;2066.66 
05/04/16;2045.17 
04/04/16;2066.13 
01/04/16;2072.78 
31/03/16;2059.74 
30/03/16;2063.95 
29/03/16;2055.01 
28/03/16;2037.05 
24/03/16;2035.94 
23/03/16;2036.71 
22/03/16;2049.80 
21/03/16;2051.60 
18/03/16;2049.58 
17/03/16;2040.59 
16/03/16;2027.22 
15/03/16;2015.93 
14/03/16;2019.64 
11/03/16;2022.19 
10/03/16;1989.57 
09/03/16;1989.26 
08/03/16;1979.26 
07/03/16;2001.76 
04/03/16;1999.99 
03/03/16;1993.40 
02/03/16;1986.45 
01/03/16;1978.35 
29/02/16;1932.23 
26/02/16;1948.05 
25/02/16;1951.70 
24/02/16;1929.80 
23/02/16;1921.27 
22/02/16;1945.50 
19/02/16;1917.78 
18/02/16;1917.83 
17/02/16;1926.82 
16/02/16;1895.58 
12/02/16;1864.78 
11/02/16;1829.08 
10/02/16;1851.86 
09/02/16;1852.21 
08/02/16;1853.44 
05/02/16;1880.05 
04/02/16;1915.45 
03/02/16;1912.53 
02/02/16;1903.03 
01/02/16;1939.38 
29/01/16;1940.24 
28/01/16;1893.36 
27/01/16;1882.95 
26/01/16;1903.63 
25/01/16;1877.08 
22/01/16;1906.90 
21/01/16;1868.99 
20/01/16;1859.33 
19/01/16;1881.33 
15/01/16;1880.33 
14/01/16;1921.84 
13/01/16;1890.28 
12/01/16;1938.68 
11/01/16;1923.67 
08/01/16;1922.03 
07/01/16;1943.09 
06/01/16;1990.26 
05/01/16;2016.71 
04/01/16;2012.66 
31/12/15;2043.94 
30/12/15;2063.36 
29/12/15;2078.36 
28/12/15;2056.50 
24/12/15;2060.99 
23/12/15;2064.29 
22/12/15;2038.97 
21/12/15;2021.15 
18/12/15;2005.55 
17/12/15;2041.89 
16/12/15;2073.07 
15/12/15;2043.41 
14/12/15;2021.94 
11/12/15;2012.37 
10/12/15;2052.23 
09/12/15;2047.62 
08/12/15;2063.59 
07/12/15;2077.07 
04/12/15;2091.69 
03/12/15;2049.62 
02/12/15;2079.51 
01/12/15;2102.63 
30/11/15;2080.41 
27/11/15;2090.11 
25/11/15;2088.87 
24/11/15;2089.14 
23/11/15;2086.59 
20/11/15;2089.17 
19/11/15;2081.24 
18/11/15;2083.58 
17/11/15;2050.44 
16/11/15;2053.19 
13/11/15;2023.04 
12/11/15;2045.97 
11/11/15;2075.00 
10/11/15;2081.72 
09/11/15;2078.58 
06/11/15;2099.20 
05/11/15;2099.93 
04/11/15;2102.31 
03/11/15;2109.79 
02/11/15;2104.05 
30/10/15;2079.36 
29/10/15;2089.41 
28/10/15;2090.35 
27/10/15;2065.89 
26/10/15;2071.18 
23/10/15;2075.15 
22/10/15;2052.51 
21/10/15;2018.94 
20/10/15;2030.77 
19/10/15;2033.66 
16/10/15;2033.11 
15/10/15;2023.86 
14/10/15;1994.24 
13/10/15;2003.69 
12/10/15;2017.46 
09/10/15;2014.89 
08/10/15;2013.43 
07/10/15;1995.83 
06/10/15;1979.92 
05/10/15;1987.05 
02/10/15;1951.36 
01/10/15;1923.82 
30/09/15;1920.03 
29/09/15;1884.09 
28/09/15;1881.77 
25/09/15;1931.34 
24/09/15;1932.24 
23/09/15;1938.76 
22/09/15;1942.74 
21/09/15;1966.97 
18/09/15;1958.03 
17/09/15;1990.20 
16/09/15;1995.31 
15/09/15;1978.09 
14/09/15;1953.03 
11/09/15;1961.05 
10/09/15;1952.29 
09/09/15;1942.04 
08/09/15;1969.41 
04/09/15;1921.22 
03/09/15;1951.13 
02/09/15;1948.86 
01/09/15;1913.85 
31/08/15;1972.18 
28/08/15;1988.87 
27/08/15;1987.66 
26/08/15;1940.51 
25/08/15;1867.61 
24/08/15;1893.21 
21/08/15;1970.89 
20/08/15;2035.73 
19/08/15;2079.61 
18/08/15;2096.92 
17/08/15;2102.44 
14/08/15;2091.54 
13/08/15;2083.39 
12/08/15;2086.05 
11/08/15;2084.07 
10/08/15;2104.18 
07/08/15;2077.57 
06/08/15;2083.56 
05/08/15;2099.84 
04/08/15;2093.32 
03/08/15;2098.04 
31/07/15;2103.84 
30/07/15;2108.63 
29/07/15;2108.57 
28/07/15;2093.25 
27/07/15;2067.64 
24/07/15;2079.65 
23/07/15;2102.15 
22/07/15;2114.15 
21/07/15;2119.21 
20/07/15;2128.28 
17/07/15;2126.64 
16/07/15;2124.29 
15/07/15;2107.40 
14/07/15;2108.95 
13/07/15;2099.60 
10/07/15;2076.62 
09/07/15;2051.31 
08/07/15;2046.68 
07/07/15;2081.34 
06/07/15;2068.76 
02/07/15;2076.78 
01/07/15;2077.42 
30/06/15;2063.11 
29/06/15;2057.64 
26/06/15;2101.49 
25/06/15;2102.31 
24/06/15;2108.58 
23/06/15;2124.20 
22/06/15;2122.85 
19/06/15;2109.99 
18/06/15;2121.24 
17/06/15;2100.44 
16/06/15;2096.29 
15/06/15;2084.43 
12/06/15;2094.11 
11/06/15;2108.86 
10/06/15;2105.20 
09/06/15;2080.15 
08/06/15;2079.28 
05/06/15;2092.83 
04/06/15;2095.84 
03/06/15;2114.07 
02/06/15;2109.60 
01/06/15;2111.73 
29/05/15;2107.39 
28/05/15;2120.79 
27/05/15;2123.48 
26/05/15;2104.20 
22/05/15;2126.06 
21/05/15;2130.82 
20/05/15;2125.85 
19/05/15;2127.83 
18/05/15;2129.20 
15/05/15;2122.73 
14/05/15;2121.10 
13/05/15;2098.48 
12/05/15;2099.12 
11/05/15;2105.33 
08/05/15;2116.10 
07/05/15;2088.00 
06/05/15;2080.15 
05/05/15;2089.46 
04/05/15;2114.49 
01/05/15;2108.29 
30/04/15;2085.51 
29/04/15;2106.85 
28/04/15;2114.76 
27/04/15;2108.92 
24/04/15;2117.69 
23/04/15;2112.93 
22/04/15;2107.96 
21/04/15;2097.29 
20/04/15;2100.40 
17/04/15;2081.18 
16/04/15;2104.99 
15/04/15;2106.63 
14/04/15;2095.84 
13/04/15;2092.43 
10/04/15;2102.06 
09/04/15;2091.18 
08/04/15;2081.90 
07/04/15;2076.33 
06/04/15;2080.62 
02/04/15;2066.96 
01/04/15;2059.69 
31/03/15;2067.89 
30/03/15;2086.24 
27/03/15;2061.02 
26/03/15;2056.15 
25/03/15;2061.05 
24/03/15;2091.50 
23/03/15;2104.42 
20/03/15;2108.10 
19/03/15;2089.27 
18/03/15;2099.50 
17/03/15;2074.28 
16/03/15;2081.19 
13/03/15;2053.40 
12/03/15;2065.95 
11/03/15;2040.24 
10/03/15;2044.16 
09/03/15;2079.43 
06/03/15;2071.26 
05/03/15;2101.04 
04/03/15;2098.53 
03/03/15;2107.78 
02/03/15;2117.39 
27/02/15;2104.50 
26/02/15;2110.74 
25/02/15;2113.86 
24/02/15;2115.48 
23/02/15;2109.66 
20/02/15;2110.30 
19/02/15;2097.45 
18/02/15;2099.68 
17/02/15;2100.34 
13/02/15;2096.99 
12/02/15;2088.48 
11/02/15;2068.53 
10/02/15;2068.59 
09/02/15;2046.74 
06/02/15;2055.47 
05/02/15;2062.52 
04/02/15;2041.51 
03/02/15;2050.03 
02/02/15;2020.85 
30/01/15;1994.99 
29/01/15;2021.25 
28/01/15;2002.16 
27/01/15;2029.55 
26/01/15;2057.09 
23/01/15;2051.82 
22/01/15;2063.15 
21/01/15;2032.12 
20/01/15;2022.55 
16/01/15;2019.42 
15/01/15;1992.67 
14/01/15;2011.27 
13/01/15;2023.03 
12/01/15;2028.26 
09/01/15;2044.81 
08/01/15;2062.14 
07/01/15;2025.90 
06/01/15;2002.61 
05/01/15;2020.58 
02/01/15;2058.20 
31/12/14;2058.90 
30/12/14;2080.35 
29/12/14;2090.57 
26/12/14;2088.77 
24/12/14;2081.88 
23/12/14;2082.17 
22/12/14;2078.54 
19/12/14;2070.65 
18/12/14;2061.23 
17/12/14;2012.89 
16/12/14;1972.74 
15/12/14;1989.63 
12/12/14;2002.33 
11/12/14;2035.33 
10/12/14;2026.14 
09/12/14;2059.82 
08/12/14;2060.31 
05/12/14;2075.37 
04/12/14;2071.92 
03/12/14;2074.33 
02/12/14;2066.55 
01/12/14;2053.44 
28/11/14;2067.56 
26/11/14;2072.83 
25/11/14;2067.03 
24/11/14;2069.41 
21/11/14;2063.50 
20/11/14;2052.75 
19/11/14;2048.72 
18/11/14;2051.80 
17/11/14;2041.32 
14/11/14;2039.82 
13/11/14;2039.33 
12/11/14;2038.25 
11/11/14;2039.68 
10/11/14;2038.26 
07/11/14;2031.92 
06/11/14;2031.21 
05/11/14;2023.57 
04/11/14;2012.10 
03/11/14;2017.81 
31/10/14;2018.05 
30/10/14;1994.65 
29/10/14;1982.30 
28/10/14;1985.05 
27/10/14;1961.63 
24/10/14;1964.58 
23/10/14;1950.82 
22/10/14;1927.11 
21/10/14;1941.28 
20/10/14;1904.01 
17/10/14;1886.76 
16/10/14;1862.76 
15/10/14;1862.49 
14/10/14;1877.70 
13/10/14;1874.74 
10/10/14;1906.13 
09/10/14;1928.21 
08/10/14;1968.89 
07/10/14;1935.10 
06/10/14;1964.82 
03/10/14;1967.90 
02/10/14;1946.17 
01/10/14;1946.16 
30/09/14;1972.29 
29/09/14;1977.80 
26/09/14;1982.85 
25/09/14;1965.99 
24/09/14;1998.30 
23/09/14;1982.77 
22/09/14;1994.29 
19/09/14;2010.40 
18/09/14;2011.36 
17/09/14;2001.57 
16/09/14;1998.98 
15/09/14;1984.13 
12/09/14;1985.54 
11/09/14;1997.45 
10/09/14;1995.69 
09/09/14;1988.44 
08/09/14;2001.54 
05/09/14;2007.71 
04/09/14;1997.65 
03/09/14;2000.72 
02/09/14;2002.28 
29/08/14;2003.37 
28/08/14;1996.74 
27/08/14;2000.12 
26/08/14;2000.02 
25/08/14;1997.92 
22/08/14;1988.40 
21/08/14;1992.37 
20/08/14;1986.51 
19/08/14;1981.60 
18/08/14;1971.74 
15/08/14;1955.06 
14/08/14;1955.18 
13/08/14;1946.72 
12/08/14;1933.75 
11/08/14;1936.92 
08/08/14;1931.59 
07/08/14;1909.57 
06/08/14;1920.24 
05/08/14;1920.21 
04/08/14;1938.99 
01/08/14;1925.15 
31/07/14;1930.67 
30/07/14;1970.07 
29/07/14;1969.95 
28/07/14;1978.91 
25/07/14;1978.34 
24/07/14;1987.98 
23/07/14;1987.01 
22/07/14;1983.53 
21/07/14;1973.63 
18/07/14;1978.22 
17/07/14;1958.12 
16/07/14;1981.57 
15/07/14;1973.28 
14/07/14;1977.10 
11/07/14;1967.57 
10/07/14;1964.68 
09/07/14;1972.83 
08/07/14;1963.71 
07/07/14;1977.65 
03/07/14;1985.44 
02/07/14;1974.62 
01/07/14;1973.32 
30/06/14;1960.23 
27/06/14;1960.96 
26/06/14;1957.22 
25/06/14;1959.53 
24/06/14;1949.98 
23/06/14;1962.61 
20/06/14;1962.87 
19/06/14;1959.48 
18/06/14;1956.98 
17/06/14;1941.99 
16/06/14;1937.78 
13/06/14;1936.16 
12/06/14;1930.11 
11/06/14;1943.89 
10/06/14;1950.79 
09/06/14;1951.27 
06/06/14;1949.44 
05/06/14;1940.46 
04/06/14;1927.88 
03/06/14;1924.24 
02/06/14;1924.97 
30/05/14;1923.57 
29/05/14;1920.03 
28/05/14;1909.78 
27/05/14;1911.91 
23/05/14;1900.53 
22/05/14;1892.49 
21/05/14;1888.03 
20/05/14;1872.83 
19/05/14;1885.08 
16/05/14;1877.86 
15/05/14;1870.85 
14/05/14;1888.53 
13/05/14;1897.45 
12/05/14;1896.65 
09/05/14;1878.48 
08/05/14;1875.63 
07/05/14;1878.21 
06/05/14;1867.72 
05/05/14;1884.66 
02/05/14;1881.14 
01/05/14;1883.68 
30/04/14;1883.95 
29/04/14;1878.33 
28/04/14;1869.43 
25/04/14;1863.40 
24/04/14;1878.61 
23/04/14;1875.39 
22/04/14;1879.55 
21/04/14;1871.89 
17/04/14;1864.85 
16/04/14;1862.31 
15/04/14;1842.98 
14/04/14;1830.61 
11/04/14;1815.69 
10/04/14;1833.08 
09/04/14;1872.18 
08/04/14;1851.96 
07/04/14;1845.04 
04/04/14;1865.09 
03/04/14;1888.77 
02/04/14;1890.90 
01/04/14;1885.52 
31/03/14;1872.34 
28/03/14;1857.62 
27/03/14;1849.04 
26/03/14;1852.56 
25/03/14;1865.62 
24/03/14;1857.44 
21/03/14;1866.52 
20/03/14;1872.01 
19/03/14;1860.77 
18/03/14;1872.25 
17/03/14;1858.83 
14/03/14;1841.13 
13/03/14;1846.34 
12/03/14;1868.20 
11/03/14;1867.63 
10/03/14;1877.17 
07/03/14;1878.04 
06/03/14;1877.03 
05/03/14;1873.81 
04/03/14;1873.91 
03/03/14;1845.73 
28/02/14;1859.45 
27/02/14;1854.29 
26/02/14;1845.16 
25/02/14;1845.12 
24/02/14;1847.61 
21/02/14;1836.25 
20/02/14;1839.78 
19/02/14;1828.75 
18/02/14;1840.76 
14/02/14;1838.63 
13/02/14;1829.83 
12/02/14;1819.26 
11/02/14;1819.75 
10/02/14;1799.84 
07/02/14;1797.02 
06/02/14;1773.43 
05/02/14;1751.64 
04/02/14;1755.20 
03/02/14;1741.89 
31/01/14;1782.59 
30/01/14;1794.19 
29/01/14;1774.20 
28/01/14;1792.50 
27/01/14;1781.56 
24/01/14;1790.29 
23/01/14;1828.46 
22/01/14;1844.86 
21/01/14;1843.80 
17/01/14;1838.70 
16/01/14;1845.89 
15/01/14;1848.38 
14/01/14;1838.88 
13/01/14;1819.20 
10/01/14;1842.37 
09/01/14;1838.13 
08/01/14;1837.49 
07/01/14;1837.88 
06/01/14;1826.77 
03/01/14;1831.37 
02/01/14;1831.98 
31/12/13;1848.36 
30/12/13;1841.07 
27/12/13;1841.40 
26/12/13;1842.02 
24/12/13;1833.32 
23/12/13;1827.99 
20/12/13;1818.32 
19/12/13;1809.60 
18/12/13;1810.65 
17/12/13;1781.00 
16/12/13;1786.54 
13/12/13;1775.32 
12/12/13;1775.50 
11/12/13;1782.22 
10/12/13;1802.62 
09/12/13;1808.37 
06/12/13;1805.09 
05/12/13;1785.03 
04/12/13;1792.81 
03/12/13;1795.15 
02/12/13;1800.90 
29/11/13;1805.81 
27/11/13;1807.23 
26/11/13;1802.75 
25/11/13;1802.48 
22/11/13;1804.76 
21/11/13;1795.85 
20/11/13;1781.37 
19/11/13;1787.87 
18/11/13;1791.53 
15/11/13;1798.18 
14/11/13;1790.62 
13/11/13;1782.00 
12/11/13;1767.69 
11/11/13;1771.89 
08/11/13;1770.61 
07/11/13;1747.15 
06/11/13;1770.49 
05/11/13;1762.97 
04/11/13;1767.93 
01/11/13;1761.64 
31/10/13;1756.54 
30/10/13;1763.31 
29/10/13;1771.95 
28/10/13;1762.11 
25/10/13;1759.77 
24/10/13;1752.07 
23/10/13;1746.38 
22/10/13;1754.67 
21/10/13;1744.66 
18/10/13;1744.50 
17/10/13;1733.15 
16/10/13;1721.54 
15/10/13;1698.06 
14/10/13;1710.14 
11/10/13;1703.20 
10/10/13;1692.56 
09/10/13;1656.40 
08/10/13;1655.45 
07/10/13;1676.12 
04/10/13;1690.50 
03/10/13;1678.66 
02/10/13;1693.87 
01/10/13;1695.00 
30/09/13;1681.55 
27/09/13;1691.75 
26/09/13;1698.67 
25/09/13;1692.77 
24/09/13;1697.42 
23/09/13;1701.84 
20/09/13;1709.91 
19/09/13;1722.34 
18/09/13;1725.52 
17/09/13;1704.76 
16/09/13;1697.60 
13/09/13;1687.99 
12/09/13;1683.42 
11/09/13;1689.13 
10/09/13;1683.99 
09/09/13;1671.71 
06/09/13;1655.17 
05/09/13;1655.08 
04/09/13;1653.08 
03/09/13;1639.77 
30/08/13;1632.97 
29/08/13;1638.17 
28/08/13;1634.96 
27/08/13;1630.48 
26/08/13;1656.78 
23/08/13;1663.50 
22/08/13;1656.96 
21/08/13;1642.80 
20/08/13;1652.35 
19/08/13;1646.06 
16/08/13;1655.83 
15/08/13;1661.32 
14/08/13;1685.39 
13/08/13;1694.16 
12/08/13;1689.47 
09/08/13;1691.42 
08/08/13;1697.48 
07/08/13;1690.91 
06/08/13;1697.37 
05/08/13;1707.14 
02/08/13;1709.67 
01/08/13;1706.87 
31/07/13;1685.73 
30/07/13;1685.96 
29/07/13;1685.33 
26/07/13;1691.65 
25/07/13;1690.25 
24/07/13;1685.94 
23/07/13;1692.39 
22/07/13;1695.53 
19/07/13;1692.09 
18/07/13;1689.37 
17/07/13;1680.91 
16/07/13;1676.26 
15/07/13;1682.50 
12/07/13;1680.19 
11/07/13;1675.02 
10/07/13;1652.62 
09/07/13;1652.32 
08/07/13;1640.46 
05/07/13;1631.89 
03/07/13;1615.41 
02/07/13;1614.08 
01/07/13;1614.96 
28/06/13;1606.28 
27/06/13;1613.20 
26/06/13;1603.26 
25/06/13;1588.03 
24/06/13;1573.09 
21/06/13;1592.43 
20/06/13;1588.19 
19/06/13;1628.93 
18/06/13;1651.81 
17/06/13;1639.04 
14/06/13;1626.73 
13/06/13;1636.36 
12/06/13;1612.52 
11/06/13;1626.13 
10/06/13;1642.81 
07/06/13;1643.38 
06/06/13;1622.56 
05/06/13;1608.90 
04/06/13;1631.38 
03/06/13;1640.42 
31/05/13;1630.74 
30/05/13;1654.41 
29/05/13;1648.36 
28/05/13;1660.06 
24/05/13;1649.60 
23/05/13;1650.51 
22/05/13;1655.35 
21/05/13;1669.16 
20/05/13;1666.29 
17/05/13;1667.47 
16/05/13;1650.47 
15/05/13;1658.78 
14/05/13;1650.34 
13/05/13;1633.77 
10/05/13;1633.70 
09/05/13;1626.67 
08/05/13;1632.69 
07/05/13;1625.96 
06/05/13;1617.50 
03/05/13;1614.42 
02/05/13;1597.59 
01/05/13;1582.70 
30/04/13;1597.57 
29/04/13;1593.61 
26/04/13;1582.24 
25/04/13;1585.16 
24/04/13;1578.79 
23/04/13;1578.78 
22/04/13;1562.50 
19/04/13;1555.25 
18/04/13;1541.61 
17/04/13;1552.01 
16/04/13;1574.57 
15/04/13;1552.36 
12/04/13;1588.85 
11/04/13;1593.37 
10/04/13;1587.73 
09/04/13;1568.61 
08/04/13;1563.07 
05/04/13;1553.28 
04/04/13;1559.98 
03/04/13;1553.69 
02/04/13;1570.25 
01/04/13;1562.17 
28/03/13;1569.19 
27/03/13;1562.85 
26/03/13;1563.77 
25/03/13;1551.69 
22/03/13;1556.89 
21/03/13;1545.80 
20/03/13;1558.71 
19/03/13;1548.34 
18/03/13;1552.10 
15/03/13;1560.70 
14/03/13;1563.23 
13/03/13;1554.52 
12/03/13;1552.48 
11/03/13;1556.22 
08/03/13;1551.18 
07/03/13;1544.26 
06/03/13;1541.46 
05/03/13;1539.79 
04/03/13;1525.20 
01/03/13;1518.20 
28/02/13;1514.68 
27/02/13;1515.99 
26/02/13;1496.94 
25/02/13;1487.85 
22/02/13;1515.60 
21/02/13;1502.42 
20/02/13;1511.95 
19/02/13;1530.94 
15/02/13;1519.79 
14/02/13;1521.38 
13/02/13;1520.33 
12/02/13;1519.43 
11/02/13;1517.01 
08/02/13;1517.93 
07/02/13;1509.39 
06/02/13;1512.12 
05/02/13;1511.29 
04/02/13;1495.71 
01/02/13;1513.17 
31/01/13;1498.11 
30/01/13;1501.96 
29/01/13;1507.84 
28/01/13;1500.18 
25/01/13;1502.96 
24/01/13;1494.82 
23/01/13;1494.81 
22/01/13;1492.56 
18/01/13;1485.98 
17/01/13;1480.94 
16/01/13;1472.63 
15/01/13;1472.34 
14/01/13;1470.68 
11/01/13;1472.05 
10/01/13;1472.12 
09/01/13;1461.02 
08/01/13;1457.15 
07/01/13;1461.89 
04/01/13;1466.47 
03/01/13;1459.37 
02/01/13;1462.42 
31/12/12;1426.19 
28/12/12;1402.43 
27/12/12;1418.10 
26/12/12;1419.83 
24/12/12;1426.66 
21/12/12;1430.15 
20/12/12;1443.69 
19/12/12;1435.81 
18/12/12;1446.79 
17/12/12;1430.36 
14/12/12;1413.58 
13/12/12;1419.45 
12/12/12;1428.48 
11/12/12;1427.84 
10/12/12;1418.55 
07/12/12;1418.07 
06/12/12;1413.94 
05/12/12;1409.28 
04/12/12;1407.05 
03/12/12;1409.46 
30/11/12;1416.18 
29/11/12;1415.95 
28/11/12;1409.93 
27/11/12;1398.94 
26/11/12;1406.29 
23/11/12;1409.15 
21/11/12;1391.03 
20/11/12;1387.81 
19/11/12;1386.89 
16/11/12;1359.88 
15/11/12;1353.33 
14/11/12;1355.49 
13/11/12;1374.53 
12/11/12;1380.03 
09/11/12;1379.85 
08/11/12;1377.51 
07/11/12;1394.53 
06/11/12;1428.39 
05/11/12;1417.26 
02/11/12;1414.20 
01/11/12;1427.59 
31/10/12;1412.16 
26/10/12;1411.94 
25/10/12;1412.97 
24/10/12;1408.75 
23/10/12;1413.11 
22/10/12;1433.82 
19/10/12;1433.19 
18/10/12;1457.34 
17/10/12;1460.91 
16/10/12;1454.92 
15/10/12;1440.13 
12/10/12;1428.59 
11/10/12;1432.84 
10/10/12;1432.56 
09/10/12;1441.48 
08/10/12;1455.88 
05/10/12;1460.93 
04/10/12;1461.40 
03/10/12;1450.99 
02/10/12;1445.75 
01/10/12;1444.49 
28/09/12;1440.67 
27/09/12;1447.15 
26/09/12;1433.32 
25/09/12;1441.59 
24/09/12;1456.89 
21/09/12;1460.15 
20/09/12;1460.26 
19/09/12;1461.05 
18/09/12;1459.32 
17/09/12;1461.19 
14/09/12;1465.77 
13/09/12;1459.99 
12/09/12;1436.56 
11/09/12;1433.56 
10/09/12;1429.08 
07/09/12;1437.92 
06/09/12;1432.12 
05/09/12;1403.44 
04/09/12;1404.94 
31/08/12;1406.58 
30/08/12;1399.48 
29/08/12;1410.49 
28/08/12;1409.30 
27/08/12;1410.44 
24/08/12;1411.13 
23/08/12;1402.08 
22/08/12;1413.49 
21/08/12;1413.17 
20/08/12;1418.13 
17/08/12;1418.16 
16/08/12;1415.51 
15/08/12;1405.53 
14/08/12;1403.93 
13/08/12;1404.11 
10/08/12;1405.87 
09/08/12;1402.80 
08/08/12;1402.22 
07/08/12;1401.35 
06/08/12;1394.23 
03/08/12;1390.99 
02/08/12;1365.00 
01/08/12;1375.14 
31/07/12;1379.32 
30/07/12;1385.30 
27/07/12;1385.97 
26/07/12;1360.02 
25/07/12;1337.89 
24/07/12;1338.31 
23/07/12;1350.52 
20/07/12;1362.66 
19/07/12;1376.51 
18/07/12;1372.78 
17/07/12;1363.67 
16/07/12;1353.64 
13/07/12;1356.78 
12/07/12;1334.76 
11/07/12;1341.45 
10/07/12;1341.47 
09/07/12;1352.46 
06/07/12;1354.68 
05/07/12;1367.58 
03/07/12;1374.02 
02/07/12;1365.51 
29/06/12;1362.16 
28/06/12;1329.04 
27/06/12;1331.85 
26/06/12;1319.99 
25/06/12;1313.72 
22/06/12;1335.02 
21/06/12;1325.51 
20/06/12;1355.69 
19/06/12;1357.98 
18/06/12;1344.78 
15/06/12;1342.84 
14/06/12;1329.10 
13/06/12;1314.88 
12/06/12;1324.18 
11/06/12;1308.93 
08/06/12;1325.66 
07/06/12;1314.99 
06/06/12;1315.13 
05/06/12;1285.50 
04/06/12;1278.18 
01/06/12;1278.04 
31/05/12;1310.33 
30/05/12;1313.32 
29/05/12;1332.42 
25/05/12;1317.82 
24/05/12;1320.68 
23/05/12;1318.86 
22/05/12;1316.63 
21/05/12;1315.99 
18/05/12;1295.22 
17/05/12;1304.86 
16/05/12;1324.80 
15/05/12;1330.66 
14/05/12;1338.35 
11/05/12;1353.39 
10/05/12;1357.99 
09/05/12;1354.58 
08/05/12;1363.72 
07/05/12;1369.58 
04/05/12;1369.10 
03/05/12;1391.57 
02/05/12;1402.31 
01/05/12;1405.82 
30/04/12;1397.91 
27/04/12;1403.36 
26/04/12;1399.98 
25/04/12;1390.69 
24/04/12;1371.97 
23/04/12;1366.94 
20/04/12;1378.53 
19/04/12;1376.92 
18/04/12;1385.14 
17/04/12;1390.78 
16/04/12;1369.57 
13/04/12;1370.26 
12/04/12;1387.57 
11/04/12;1368.71 
10/04/12;1358.59 
09/04/12;1382.20 
05/04/12;1398.08 
04/04/12;1398.96 
03/04/12;1413.38 
02/04/12;1419.04 
30/03/12;1408.47 
29/03/12;1403.28 
28/03/12;1405.54 
27/03/12;1412.52 
26/03/12;1416.51 
23/03/12;1397.11 
22/03/12;1392.78 
21/03/12;1402.89 
20/03/12;1405.52 
19/03/12;1409.75 
16/03/12;1404.17 
15/03/12;1402.60 
14/03/12;1394.28 
13/03/12;1395.95 
12/03/12;1371.09 
09/03/12;1370.87 
08/03/12;1365.91 
07/03/12;1352.63 
06/03/12;1343.36 
05/03/12;1364.33 
02/03/12;1369.63 
01/03/12;1374.09 
29/02/12;1365.68 
28/02/12;1372.18 
27/02/12;1367.59 
24/02/12;1365.74 
23/02/12;1363.46 
22/02/12;1357.66 
21/02/12;1362.21 
17/02/12;1361.23 
16/02/12;1358.04 
15/02/12;1343.23 
14/02/12;1350.50 
13/02/12;1351.77 
10/02/12;1342.64 
09/02/12;1351.95 
08/02/12;1349.96 
07/02/12;1347.05 
06/02/12;1344.33 
03/02/12;1344.90 
02/02/12;1325.54 
01/02/12;1324.09 
31/01/12;1312.41 
30/01/12;1313.01 
27/01/12;1316.33 
26/01/12;1318.43 
25/01/12;1326.05 
24/01/12;1314.65 
23/01/12;1316.00 
20/01/12;1315.38 
19/01/12;1314.50 
18/01/12;1308.04 
17/01/12;1293.67 
13/01/12;1289.09 
12/01/12;1295.50 
11/01/12;1292.48 
10/01/12;1292.08 
09/01/12;1280.70 
06/01/12;1277.81 
05/01/12;1281.06 
04/01/12;1277.30 
03/01/12;1277.06 
30/12/11;1257.60 
29/12/11;1263.02 
28/12/11;1249.64 
27/12/11;1265.43 
23/12/11;1265.33 
22/12/11;1254.00 
21/12/11;1243.72 
20/12/11;1241.30 
19/12/11;1205.35 
16/12/11;1219.66 
15/12/11;1215.75 
14/12/11;1211.82 
13/12/11;1225.73 
12/12/11;1236.47 
09/12/11;1255.19 
08/12/11;1234.35 
07/12/11;1261.01 
06/12/11;1258.47 
05/12/11;1257.08 
02/12/11;1244.28 
01/12/11;1244.58 
30/11/11;1246.96 
29/11/11;1195.19 
28/11/11;1192.55 
25/11/11;1158.67 
23/11/11;1161.79 
22/11/11;1188.04 
21/11/11;1192.98 
18/11/11;1215.65 
17/11/11;1216.13 
16/11/11;1236.91 
15/11/11;1257.81 
14/11/11;1251.78 
11/11/11;1263.85 
10/11/11;1239.69 
09/11/11;1229.10 
08/11/11;1275.92 
07/11/11;1261.12 
04/11/11;1253.23 
03/11/11;1261.15 
02/11/11;1237.90 
01/11/11;1218.28 
31/10/11;1253.30 
28/10/11;1285.09 
27/10/11;1284.59 
26/10/11;1242.00 
25/10/11;1229.05 
24/10/11;1254.19 
21/10/11;1238.25 
20/10/11;1215.39 
19/10/11;1209.88 
18/10/11;1225.38 
17/10/11;1200.86 
14/10/11;1224.58 
13/10/11;1203.66 
12/10/11;1207.25 
11/10/11;1195.54 
10/10/11;1194.89 
07/10/11;1155.46 
06/10/11;1164.97 
05/10/11;1144.03 
04/10/11;1123.95 
03/10/11;1099.23 
30/09/11;1131.42 
29/09/11;1160.40 
28/09/11;1151.06 
27/09/11;1175.38 
26/09/11;1162.95 
23/09/11;1136.43 
22/09/11;1129.56 
21/09/11;1166.76 
20/09/11;1202.09 
19/09/11;1204.09 
16/09/11;1216.01 
15/09/11;1209.11 
14/09/11;1188.68 
13/09/11;1172.87 
12/09/11;1162.27 
09/09/11;1154.23 
08/09/11;1185.90 
07/09/11;1198.62 
06/09/11;1165.24 
02/09/11;1173.97 
01/09/11;1204.42 
31/08/11;1218.89 
30/08/11;1212.92 
29/08/11;1210.08 
26/08/11;1176.80 
25/08/11;1159.27 
24/08/11;1177.60 
23/08/11;1162.35 
22/08/11;1123.82 
19/08/11;1123.53 
18/08/11;1140.65 
17/08/11;1193.89 
16/08/11;1192.76 
15/08/11;1204.49 
12/08/11;1178.81 
11/08/11;1172.64 
10/08/11;1120.76 
09/08/11;1172.53 
08/08/11;1119.46 
05/08/11;1199.38 
04/08/11;1200.07 
03/08/11;1260.34 
02/08/11;1254.05 
01/08/11;1286.94 
29/07/11;1292.28 
28/07/11;1300.67 
27/07/11;1304.89 
26/07/11;1331.94 
25/07/11;1337.43 
22/07/11;1345.02 
21/07/11;1343.80 
20/07/11;1325.84 
19/07/11;1326.73 
18/07/11;1305.44 
15/07/11;1316.14 
14/07/11;1308.87 
13/07/11;1317.72 
12/07/11;1313.64 
11/07/11;1319.49 
08/07/11;1343.80 
07/07/11;1353.22 
06/07/11;1339.22 
05/07/11;1337.88 
01/07/11;1339.67 
30/06/11;1320.64 
29/06/11;1307.41 
28/06/11;1296.67 
27/06/11;1280.10 
24/06/11;1268.45 
23/06/11;1283.50 
22/06/11;1287.14 
21/06/11;1295.52 
20/06/11;1278.36 
17/06/11;1271.50 
16/06/11;1267.64 
15/06/11;1265.42 
14/06/11;1287.87 
13/06/11;1271.83 
10/06/11;1270.98 
09/06/11;1289.00 
08/06/11;1279.56 
07/06/11;1284.94 
06/06/11;1286.17 
03/06/11;1300.16 
02/06/11;1312.94 
01/06/11;1314.55 
31/05/11;1345.20 
27/05/11;1331.10 
26/05/11;1325.69 
25/05/11;1320.47 
24/05/11;1316.28 
23/05/11;1317.37 
20/05/11;1333.27 
19/05/11;1343.60 
18/05/11;1340.68 
17/05/11;1328.98 
16/05/11;1329.47 
13/05/11;1337.77 
12/05/11;1348.65 
11/05/11;1342.08 
10/05/11;1357.16 
09/05/11;1346.29 
06/05/11;1340.20 
05/05/11;1335.10 
04/05/11;1347.32 
03/05/11;1356.62 
02/05/11;1361.22 
29/04/11;1363.61 
28/04/11;1360.48 
27/04/11;1355.66 
26/04/11;1347.24 
25/04/11;1335.25 
21/04/11;1337.38 
20/04/11;1330.36 
19/04/11;1312.62 
18/04/11;1305.14 
15/04/11;1319.68 
14/04/11;1314.52 
13/04/11;1314.41 
12/04/11;1314.16 
11/04/11;1324.46 
08/04/11;1328.17 
07/04/11;1333.51 
06/04/11;1335.54 
05/04/11;1332.63 
04/04/11;1332.87 
01/04/11;1332.41 
31/03/11;1325.83 
30/03/11;1328.26 
29/03/11;1319.44 
28/03/11;1310.19 
25/03/11;1313.80 
24/03/11;1309.66 
23/03/11;1297.54 
22/03/11;1293.77 
21/03/11;1298.38 
18/03/11;1279.21 
17/03/11;1273.72 
16/03/11;1256.88 
15/03/11;1281.87 
14/03/11;1296.39 
11/03/11;1304.28 
10/03/11;1295.11 
09/03/11;1320.02 
08/03/11;1321.82 
07/03/11;1310.13 
04/03/11;1321.15 
03/03/11;1330.97 
02/03/11;1308.44 
01/03/11;1306.33 
28/02/11;1327.22 
25/02/11;1319.88 
24/02/11;1306.10 
23/02/11;1307.40 
22/02/11;1315.44 
18/02/11;1343.01 
17/02/11;1340.43 
16/02/11;1336.32 
15/02/11;1328.01 
14/02/11;1332.32 
11/02/11;1329.15 
10/02/11;1321.87 
09/02/11;1320.88 
08/02/11;1324.57 
07/02/11;1319.05 
04/02/11;1310.87 
03/02/11;1307.10 
02/02/11;1304.03 
01/02/11;1307.59 
31/01/11;1286.12 
28/01/11;1276.34 
27/01/11;1299.54 
26/01/11;1296.63 
25/01/11;1291.18 
24/01/11;1290.84 
21/01/11;1283.35 
20/01/11;1280.26 
19/01/11;1281.92 
18/01/11;1295.02 
14/01/11;1293.24 
13/01/11;1283.76 
12/01/11;1285.96 
11/01/11;1274.48 
10/01/11;1269.75 
07/01/11;1271.50 
06/01/11;1273.85 
05/01/11;1276.56 
04/01/11;1270.20 
03/01/11;1271.87 
31/12/10;1257.64 
30/12/10;1257.88 
29/12/10;1259.78 
28/12/10;1258.51 
27/12/10;1257.54 
23/12/10;1256.77 
22/12/10;1258.84 
21/12/10;1254.60 
20/12/10;1247.08 
17/12/10;1243.91 
16/12/10;1242.87 
15/12/10;1235.23 
14/12/10;1241.59 
13/12/10;1240.46 
10/12/10;1240.40 
09/12/10;1233.00 
08/12/10;1228.28 
07/12/10;1223.75 
06/12/10;1223.12 
03/12/10;1224.71 
02/12/10;1221.53 
01/12/10;1206.07 
30/11/10;1180.55 
29/11/10;1187.76 
26/11/10;1189.40 
24/11/10;1198.35 
23/11/10;1180.73 
22/11/10;1197.84 
19/11/10;1199.73 
18/11/10;1196.69 
17/11/10;1178.59 
16/11/10;1178.34 
15/11/10;1197.75 
12/11/10;1199.21 
11/11/10;1213.54 
10/11/10;1218.71 
09/11/10;1213.40 
08/11/10;1223.25 
05/11/10;1225.85 
04/11/10;1221.06 
03/11/10;1197.96 
02/11/10;1193.57 
01/11/10;1184.38 
29/10/10;1183.26 
28/10/10;1183.78 
27/10/10;1182.45 
26/10/10;1185.64 
25/10/10;1185.62 
22/10/10;1183.08 
21/10/10;1180.26 
20/10/10;1178.17 
19/10/10;1165.90 
18/10/10;1184.71 
15/10/10;1176.19 
14/10/10;1173.81 
13/10/10;1178.10 
12/10/10;1169.77 
11/10/10;1165.32 
08/10/10;1165.15 
07/10/10;1158.06 
06/10/10;1159.97 
05/10/10;1160.75 
04/10/10;1137.03 
01/10/10;1146.24 
30/09/10;1141.20 
29/09/10;1144.73 
28/09/10;1147.70 
27/09/10;1142.16 
24/09/10;1148.67 
23/09/10;1124.83 
22/09/10;1134.28 
21/09/10;1139.78 
20/09/10;1142.71 
17/09/10;1125.59 
16/09/10;1124.66 
15/09/10;1125.07 
14/09/10;1121.10 
13/09/10;1121.90 
10/09/10;1109.55 
09/09/10;1104.18 
08/09/10;1098.87 
07/09/10;1091.84 
03/09/10;1104.51 
02/09/10;1090.10 
01/09/10;1080.29 
31/08/10;1049.33 
30/08/10;1048.92 
27/08/10;1064.59 
26/08/10;1047.22 
25/08/10;1055.33 
24/08/10;1051.87 
23/08/10;1067.36 
20/08/10;1071.69 
19/08/10;1075.63 
18/08/10;1094.16 
17/08/10;1092.54 
16/08/10;1079.38 
13/08/10;1079.25 
12/08/10;1083.61 
11/08/10;1089.47 
10/08/10;1121.06 
09/08/10;1127.79 
06/08/10;1121.64 
05/08/10;1125.81 
04/08/10;1127.24 
03/08/10;1120.46 
02/08/10;1125.86 
30/07/10;1101.60 
29/07/10;1101.53 
28/07/10;1106.13 
27/07/10;1113.84 
26/07/10;1115.01 
23/07/10;1102.66 
22/07/10;1093.67 
21/07/10;1069.59 
20/07/10;1083.48 
19/07/10;1071.25 
16/07/10;1064.88 
15/07/10;1096.48 
14/07/10;1095.17 
13/07/10;1095.34 
12/07/10;1078.75 
09/07/10;1077.96 
08/07/10;1070.25 
07/07/10;1060.27 
06/07/10;1028.06 
02/07/10;1022.58 
01/07/10;1027.37 
30/06/10;1030.71 
29/06/10;1041.24 
28/06/10;1074.57 
25/06/10;1076.76 
24/06/10;1073.69 
23/06/10;1092.04 
22/06/10;1095.31 
21/06/10;1113.20 
18/06/10;1117.51 
17/06/10;1116.04 
16/06/10;1114.61 
15/06/10;1115.23 
14/06/10;1089.63 
11/06/10;1091.60 
10/06/10;1086.84 
09/06/10;1055.69 
08/06/10;1062.00 
07/06/10;1050.47 
04/06/10;1064.88 
03/06/10;1102.83 
02/06/10;1098.38 
01/06/10;1070.71 
28/05/10;1089.41 
27/05/10;1103.06 
26/05/10;1067.95 
25/05/10;1074.03 
24/05/10;1073.65 
21/05/10;1087.69 
20/05/10;1071.59 
19/05/10;1115.05 
18/05/10;1120.80 
17/05/10;1136.94 
14/05/10;1135.68 
13/05/10;1157.44 
12/05/10;1171.67 
11/05/10;1155.79 
10/05/10;1159.73 
07/05/10;1110.88 
06/05/10;1128.15 
05/05/10;1165.87 
04/05/10;1173.60 
03/05/10;1202.26 
30/04/10;1186.69 
29/04/10;1206.78 
28/04/10;1191.36 
27/04/10;1183.71 
26/04/10;1212.05 
23/04/10;1217.28 
22/04/10;1208.67 
21/04/10;1205.94 
20/04/10;1207.17 
19/04/10;1197.52 
16/04/10;1192.13 
15/04/10;1211.67 
14/04/10;1210.65 
13/04/10;1197.30 
12/04/10;1196.48 
09/04/10;1194.37 
08/04/10;1186.44 
07/04/10;1182.45 
06/04/10;1189.44 
05/04/10;1187.44 
01/04/10;1178.10 
31/03/10;1169.43 
30/03/10;1173.27 
29/03/10;1173.22 
26/03/10;1166.59 
25/03/10;1165.73 
24/03/10;1167.72 
23/03/10;1174.17 
22/03/10;1165.81 
19/03/10;1159.90 
18/03/10;1165.83 
17/03/10;1166.21 
16/03/10;1159.46 
15/03/10;1150.51 
12/03/10;1149.99 
11/03/10;1150.24 
10/03/10;1145.61 
09/03/10;1140.45 
08/03/10;1138.50 
05/03/10;1138.70 
04/03/10;1122.97 
03/03/10;1118.79 
02/03/10;1118.31 
01/03/10;1115.71 
26/02/10;1104.49 
25/02/10;1102.94 
24/02/10;1105.24 
23/02/10;1094.60 
22/02/10;1108.01 
19/02/10;1109.17 
18/02/10;1106.75 
17/02/10;1099.51 
16/02/10;1094.87 
12/02/10;1075.51 
11/02/10;1078.47 
10/02/10;1068.13 
09/02/10;1070.52 
08/02/10;1056.74 
05/02/10;1066.19 
04/02/10;1063.11 
03/02/10;1097.28 
02/02/10;1103.32 
01/02/10;1089.19 
29/01/10;1073.87 
28/01/10;1084.53 
27/01/10;1097.50 
26/01/10;1092.17 
25/01/10;1096.78 
22/01/10;1091.76 
21/01/10;1116.48 
20/01/10;1138.04 
19/01/10;1150.23 
15/01/10;1136.03 
14/01/10;1148.46 
13/01/10;1145.68 
12/01/10;1136.22 
11/01/10;1146.98 
08/01/10;1144.98 
07/01/10;1141.69 
06/01/10;1137.14 
05/01/10;1136.52 
04/01/10;1132.99 
31/12/09;1115.10 
30/12/09;1126.42 
29/12/09;1126.20 
28/12/09;1127.78 
24/12/09;1126.48 
23/12/09;1120.59 
22/12/09;1118.02 
21/12/09;1114.05 
18/12/09;1102.47 
17/12/09;1096.08 
16/12/09;1109.18 
15/12/09;1107.93 
14/12/09;1114.11 
11/12/09;1106.41 
10/12/09;1102.35 
09/12/09;1095.95 
08/12/09;1091.94 
07/12/09;1103.25 
04/12/09;1105.98 
03/12/09;1099.92 
02/12/09;1109.24 
01/12/09;1108.86 
30/11/09;1095.63 
27/11/09;1091.49 
25/11/09;1110.63 
24/11/09;1105.65 
23/11/09;1106.24 
20/11/09;1091.38 
19/11/09;1094.90 
18/11/09;1109.80 
17/11/09;1110.32 
16/11/09;1109.30 
13/11/09;1093.48 
12/11/09;1087.24 
11/11/09;1098.51 
10/11/09;1093.01 
09/11/09;1093.08 
06/11/09;1069.30 
05/11/09;1066.63 
04/11/09;1046.50 
03/11/09;1045.41 
02/11/09;1042.88 
30/10/09;1036.19 
29/10/09;1066.11 
28/10/09;1042.63 
27/10/09;1063.41 
26/10/09;1066.95 
23/10/09;1079.60 
22/10/09;1092.91 
21/10/09;1081.40 
20/10/09;1091.06 
19/10/09;1097.91 
16/10/09;1087.68 
15/10/09;1096.56 
14/10/09;1092.02 
13/10/09;1073.19 
12/10/09;1076.19 
09/10/09;1071.49 
08/10/09;1065.48 
07/10/09;1057.58 
06/10/09;1054.72 
05/10/09;1040.46 
02/10/09;1025.21 
01/10/09;1029.85 
30/09/09;1057.08 
29/09/09;1060.61 
28/09/09;1062.98 
25/09/09;1044.38 
24/09/09;1050.78 
23/09/09;1060.87 
22/09/09;1071.66 
21/09/09;1064.66 
18/09/09;1068.30 
17/09/09;1065.49 
16/09/09;1068.76 
15/09/09;1052.63 
14/09/09;1049.34 
11/09/09;1042.73 
10/09/09;1044.14 
09/09/09;1033.37 
08/09/09;1025.39 
04/09/09;1016.40 
03/09/09;1003.24 
02/09/09;994.75 
01/09/09;998.04 
31/08/09;1020.62 
28/08/09;1028.93 
27/08/09;1030.98 
26/08/09;1028.12 
25/08/09;1028.00 
24/08/09;1025.57 
21/08/09;1026.13 
20/08/09;1007.37 
19/08/09;996.46 
18/08/09;989.67 
17/08/09;979.73 
14/08/09;1004.09 
13/08/09;1012.73 
12/08/09;1005.81 
11/08/09;994.35 
10/08/09;1007.10 
07/08/09;1010.48 
06/08/09;997.08 
05/08/09;1002.72 
04/08/09;1005.65 
03/08/09;1002.63 
31/07/09;987.48 
30/07/09;986.75 
29/07/09;975.15 
28/07/09;979.62 
27/07/09;982.18 
24/07/09;979.26 
23/07/09;976.29 
22/07/09;954.07 
21/07/09;954.58 
20/07/09;951.13 
17/07/09;940.38 
16/07/09;940.74 
15/07/09;932.68 
14/07/09;905.84 
13/07/09;901.05 
10/07/09;879.13 
09/07/09;882.68 
08/07/09;879.56 
07/07/09;881.03 
06/07/09;898.72 
02/07/09;896.42 
01/07/09;923.33 
30/06/09;919.32 
29/06/09;927.23 
26/06/09;918.90 
25/06/09;920.26 
24/06/09;900.94 
23/06/09;895.10 
22/06/09;893.04 
19/06/09;921.23 
18/06/09;918.37 
17/06/09;910.71 
16/06/09;911.97 
15/06/09;923.72 
12/06/09;946.21 
11/06/09;944.89 
10/06/09;939.15 
09/06/09;942.43 
08/06/09;939.14 
05/06/09;940.09 
04/06/09;942.46 
03/06/09;931.76 
02/06/09;944.74 
01/06/09;942.87 
29/05/09;919.14 
28/05/09;906.83 
27/05/09;893.06 
26/05/09;910.33 
22/05/09;887.00 
21/05/09;888.33 
20/05/09;903.47 
19/05/09;908.13 
18/05/09;909.71 
15/05/09;882.88 
14/05/09;893.07 
13/05/09;883.92 
12/05/09;908.35 
11/05/09;909.24 
08/05/09;929.23 
07/05/09;907.39 
06/05/09;919.53 
05/05/09;903.80 
04/05/09;907.24 
01/05/09;877.52 
30/04/09;872.81 
29/04/09;873.64 
28/04/09;855.16 
27/04/09;857.51 
24/04/09;866.23 
23/04/09;851.92 
22/04/09;843.55 
21/04/09;850.08 
20/04/09;832.39 
17/04/09;869.60 
16/04/09;865.30 
15/04/09;852.06 
14/04/09;841.50 
13/04/09;858.73 
09/04/09;856.56 
08/04/09;825.16 
07/04/09;815.55 
06/04/09;835.48 
03/04/09;842.50 
02/04/09;834.38 
01/04/09;811.08 
31/03/09;797.87 
30/03/09;787.53 
27/03/09;815.94 
26/03/09;832.86 
25/03/09;813.88 
24/03/09;806.12 
23/03/09;822.92 
20/03/09;768.54 
19/03/09;784.04 
18/03/09;794.35 
17/03/09;778.12 
16/03/09;753.89 
13/03/09;756.55 
12/03/09;750.74 
11/03/09;721.36 
10/03/09;719.60 
09/03/09;676.53 
06/03/09;683.38 
05/03/09;682.55 
04/03/09;712.87 
03/03/09;696.33 
02/03/09;700.82 
27/02/09;735.09 
26/02/09;752.83 
25/02/09;764.90 
24/02/09;773.14 
23/02/09;743.33 
20/02/09;770.05 
19/02/09;778.94 
18/02/09;788.42 
17/02/09;789.17 
13/02/09;826.84 
12/02/09;835.19 
11/02/09;833.74 
10/02/09;827.16 
09/02/09;869.89 
06/02/09;868.60 
05/02/09;845.85 
04/02/09;832.23 
03/02/09;838.51 
02/02/09;825.44 
30/01/09;825.88 
29/01/09;845.14 
28/01/09;874.09 
27/01/09;845.71 
26/01/09;836.57 
23/01/09;831.95 
22/01/09;827.50 
21/01/09;840.24 
20/01/09;805.22 
16/01/09;850.12 
15/01/09;843.74 
14/01/09;842.62 
13/01/09;871.79 
12/01/09;870.26 
09/01/09;890.35 
08/01/09;909.73 
07/01/09;906.65 
06/01/09;934.70 
05/01/09;927.45 
02/01/09;931.80 
31/12/08;903.25 
30/12/08;890.64 
29/12/08;869.42 
26/12/08;872.80 
24/12/08;868.15 
23/12/08;863.16 
22/12/08;871.63 
19/12/08;887.88 
18/12/08;885.28 
17/12/08;904.42 
16/12/08;913.18 
15/12/08;868.57 
12/12/08;879.73 
11/12/08;873.59 
10/12/08;899.24 
09/12/08;888.67 
08/12/08;909.70 
05/12/08;876.07 
04/12/08;845.22 
03/12/08;870.74 
02/12/08;848.81 
01/12/08;816.21 
28/11/08;896.24 
26/11/08;887.68 
25/11/08;857.39 
24/11/08;851.81 
21/11/08;800.03 
20/11/08;752.44 
19/11/08;806.58 
18/11/08;859.12 
17/11/08;850.75 
14/11/08;873.29 
13/11/08;911.29 
12/11/08;852.30 
11/11/08;898.95 
10/11/08;919.21 
07/11/08;930.99 
06/11/08;904.88 
05/11/08;952.77 
04/11/08;1005.75 
03/11/08;966.30 
31/10/08;968.75 
30/10/08;954.09 
29/10/08;930.09 
28/10/08;940.51 
27/10/08;848.92 
24/10/08;876.77 
23/10/08;908.11 
22/10/08;896.78 
21/10/08;955.05 
20/10/08;985.40 
17/10/08;940.55 
16/10/08;946.43 
15/10/08;907.84 
14/10/08;998.01 
13/10/08;1003.35 
10/10/08;899.22 
09/10/08;909.92 
08/10/08;984.94 
07/10/08;996.23 
06/10/08;1056.89 
03/10/08;1099.23 
02/10/08;1114.28 
01/10/08;1161.06 
30/09/08;1166.36 
29/09/08;1106.42 
26/09/08;1213.27 
25/09/08;1209.18 
24/09/08;1185.87 
23/09/08;1188.22 
22/09/08;1207.09 
19/09/08;1255.08 
18/09/08;1206.51 
17/09/08;1156.39 
16/09/08;1213.60 
15/09/08;1192.70 
12/09/08;1251.70 
11/09/08;1249.05 
10/09/08;1232.04 
09/09/08;1224.51 
08/09/08;1267.79 
05/09/08;1242.31 
04/09/08;1236.83 
03/09/08;1274.98 
02/09/08;1277.58 
29/08/08;1282.83 
28/08/08;1300.68 
27/08/08;1281.66 
26/08/08;1271.51 
25/08/08;1266.84 
22/08/08;1292.20 
21/08/08;1277.72 
20/08/08;1274.54 
19/08/08;1266.69 
18/08/08;1278.60 
15/08/08;1298.20 
14/08/08;1292.93 
13/08/08;1285.83 
12/08/08;1289.59 
11/08/08;1305.32 
08/08/08;1296.32 
07/08/08;1266.07 
06/08/08;1289.19 
05/08/08;1284.88 
04/08/08;1249.01 
01/08/08;1260.31 
31/07/08;1267.38 
30/07/08;1284.26 
29/07/08;1263.20 
28/07/08;1234.37 
25/07/08;1257.76 
24/07/08;1252.54 
23/07/08;1282.19 
22/07/08;1277.00 
21/07/08;1260.00 
18/07/08;1260.68 
17/07/08;1260.32 
16/07/08;1245.36 
15/07/08;1214.91 
14/07/08;1228.30 
11/07/08;1239.49 
10/07/08;1253.39 
09/07/08;1244.69 
08/07/08;1273.70 
07/07/08;1252.31 
03/07/08;1262.90 
02/07/08;1261.52 
01/07/08;1284.91 
30/06/08;1280.00 
27/06/08;1278.38 
26/06/08;1283.15 
25/06/08;1321.97 
24/06/08;1314.29 
23/06/08;1318.00 
20/06/08;1317.93 
19/06/08;1342.83 
18/06/08;1337.81 
17/06/08;1350.93 
16/06/08;1360.14 
13/06/08;1360.03 
12/06/08;1339.87 
11/06/08;1335.49 
10/06/08;1358.44 
09/06/08;1361.76 
06/06/08;1360.68 
05/06/08;1404.05 
04/06/08;1377.20 
03/06/08;1377.65 
02/06/08;1385.67 
30/05/08;1400.38 
29/05/08;1398.26 
28/05/08;1390.84 
27/05/08;1385.35 
23/05/08;1375.93 
22/05/08;1394.35 
21/05/08;1390.71 
20/05/08;1413.40 
19/05/08;1426.63 
16/05/08;1425.35 
15/05/08;1423.57 
14/05/08;1408.66 
13/05/08;1403.04 
12/05/08;1403.58 
09/05/08;1388.28 
08/05/08;1397.68 
07/05/08;1392.57 
06/05/08;1418.26 
05/05/08;1407.49 
02/05/08;1413.90 
01/05/08;1409.34 
30/04/08;1385.59 
29/04/08;1390.94 
28/04/08;1396.37 
25/04/08;1397.84 
24/04/08;1388.82 
23/04/08;1379.93 
22/04/08;1375.94 
21/04/08;1388.17 
18/04/08;1390.33 
17/04/08;1365.56 
16/04/08;1364.71 
15/04/08;1334.43 
14/04/08;1328.32 
11/04/08;1332.83 
10/04/08;1360.55 
09/04/08;1354.49 
08/04/08;1365.54 
07/04/08;1372.54 
04/04/08;1370.40 
03/04/08;1369.31 
02/04/08;1367.53 
01/04/08;1370.18 
31/03/08;1322.70 
28/03/08;1315.22 
27/03/08;1325.76 
26/03/08;1341.13 
25/03/08;1352.99 
24/03/08;1349.88 
20/03/08;1329.51 
19/03/08;1298.42 
18/03/08;1330.74 
17/03/08;1276.60 
14/03/08;1288.14 
13/03/08;1315.48 
12/03/08;1308.77 
11/03/08;1320.65 
10/03/08;1273.37 
07/03/08;1293.37 
06/03/08;1304.34 
05/03/08;1333.70 
04/03/08;1326.75 
03/03/08;1331.34 
29/02/08;1330.63 
28/02/08;1367.68 
27/02/08;1380.02 
26/02/08;1381.29 
25/02/08;1371.80 
22/02/08;1353.11 
21/02/08;1342.53 
20/02/08;1360.03 
19/02/08;1348.78 
15/02/08;1349.99 
14/02/08;1348.86 
13/02/08;1367.21 
12/02/08;1348.86 
11/02/08;1339.13 
08/02/08;1331.29 
07/02/08;1336.91 
06/02/08;1326.45 
05/02/08;1336.64 
04/02/08;1380.82 
01/02/08;1395.42 
31/01/08;1378.55 
30/01/08;1355.81 
29/01/08;1362.30 
28/01/08;1353.96 
25/01/08;1330.61 
24/01/08;1352.07 
23/01/08;1338.60 
22/01/08;1310.50 
18/01/08;1325.19 
17/01/08;1333.25 
16/01/08;1373.20 
15/01/08;1380.95 
14/01/08;1416.25 
11/01/08;1401.02 
10/01/08;1420.33 
09/01/08;1409.13 
08/01/08;1390.19 
07/01/08;1416.18 
04/01/08;1411.63 
03/01/08;1447.16 
02/01/08;1447.16 
31/12/07;1468.36 
28/12/07;1478.49 
27/12/07;1476.27 
26/12/07;1497.66 
24/12/07;1496.45 
21/12/07;1484.46 
20/12/07;1460.12 
19/12/07;1453.00 
18/12/07;1454.98 
17/12/07;1445.90 
14/12/07;1467.95 
13/12/07;1488.41 
12/12/07;1486.59 
11/12/07;1477.65 
10/12/07;1515.96 
07/12/07;1504.66 
06/12/07;1507.34 
05/12/07;1485.01 
04/12/07;1462.79 
03/12/07;1472.42 
30/11/07;1481.14 
29/11/07;1469.72 
28/11/07;1469.02 
27/11/07;1428.23 
26/11/07;1407.22 
23/11/07;1440.70 
21/11/07;1416.77 
20/11/07;1439.70 
19/11/07;1433.27 
16/11/07;1458.74 
15/11/07;1451.15 
14/11/07;1470.58 
13/11/07;1481.05 
12/11/07;1439.18 
09/11/07;1453.70 
08/11/07;1474.77 
07/11/07;1475.62 
06/11/07;1520.27 
05/11/07;1502.17 
02/11/07;1509.65 
01/11/07;1508.44 
31/10/07;1549.38 
30/10/07;1531.02 
29/10/07;1540.98 
26/10/07;1535.28 
25/10/07;1514.40 
24/10/07;1515.88 
23/10/07;1519.59 
22/10/07;1506.33 
19/10/07;1500.63 
18/10/07;1540.08 
17/10/07;1541.24 
16/10/07;1538.53 
15/10/07;1548.71 
12/10/07;1561.80 
11/10/07;1554.41 
10/10/07;1562.47 
09/10/07;1565.15 
08/10/07;1552.58 
05/10/07;1557.59 
04/10/07;1542.84 
03/10/07;1539.59 
02/10/07;1546.63 
01/10/07;1547.04 
28/09/07;1526.80 
27/09/07;1531.38 
26/09/07;1525.42 
25/09/07;1517.21 
24/09/07;1517.73 
21/09/07;1525.75 
20/09/07;1518.75 
19/09/07;1529.03 
18/09/07;1519.78 
17/09/07;1476.65 
14/09/07;1484.25 
13/09/07;1483.95 
12/09/07;1471.56 
11/09/07;1471.49 
10/09/07;1451.70 
07/09/07;1453.55 
06/09/07;1478.55 
05/09/07;1472.29 
04/09/07;1489.42 
31/08/07;1473.99 
30/08/07;1457.64 
29/08/07;1463.76 
28/08/07;1432.36 
27/08/07;1466.79 
24/08/07;1479.37 
23/08/07;1462.50 
22/08/07;1464.07 
21/08/07;1447.12 
20/08/07;1445.55 
17/08/07;1445.94 
16/08/07;1411.27 
15/08/07;1406.70 
14/08/07;1426.54 
13/08/07;1452.92 
10/08/07;1453.64 
09/08/07;1453.09 
08/08/07;1497.49 
07/08/07;1476.71 
06/08/07;1467.67 
03/08/07;1433.06 
02/08/07;1472.20 
01/08/07;1465.81 
31/07/07;1455.27 
30/07/07;1473.91 
27/07/07;1458.95 
26/07/07;1482.66 
25/07/07;1518.09 
24/07/07;1511.04 
23/07/07;1541.57 
20/07/07;1534.10 
19/07/07;1553.08 
18/07/07;1546.17 
17/07/07;1549.37 
16/07/07;1549.52 
13/07/07;1552.50 
12/07/07;1547.70 
11/07/07;1518.76 
10/07/07;1510.12 
09/07/07;1531.85 
06/07/07;1530.44 
05/07/07;1525.40 
03/07/07;1524.87 
02/07/07;1519.43 
29/06/07;1503.35 
28/06/07;1505.71 
27/06/07;1506.34 
26/06/07;1492.89 
25/06/07;1497.74 
22/06/07;1502.56 
21/06/07;1522.19 
20/06/07;1512.84 
19/06/07;1533.70 
18/06/07;1531.05 
15/06/07;1532.91 
14/06/07;1522.97 
13/06/07;1515.67 
12/06/07;1493.00 
11/06/07;1509.12 
08/06/07;1507.67 
07/06/07;1490.72 
06/06/07;1517.38 
05/06/07;1530.95 
04/06/07;1539.18 
01/06/07;1536.34 
31/05/07;1530.62 
30/05/07;1530.23 
29/05/07;1518.11 
25/05/07;1515.73 
24/05/07;1507.51 
23/05/07;1522.28 
22/05/07;1524.12 
21/05/07;1525.10 
18/05/07;1522.75 
17/05/07;1512.75 
16/05/07;1514.14 
15/05/07;1501.19 
14/05/07;1503.15 
11/05/07;1505.85 
10/05/07;1491.47 
09/05/07;1512.58 
08/05/07;1507.72 
07/05/07;1509.48 
04/05/07;1505.62 
03/05/07;1502.39 
02/05/07;1495.92 
01/05/07;1486.30 
30/04/07;1482.37 
27/04/07;1494.07 
26/04/07;1494.25 
25/04/07;1495.42 
24/04/07;1480.41 
23/04/07;1480.93 
20/04/07;1484.35 
19/04/07;1470.73 
18/04/07;1472.50 
17/04/07;1471.48 
16/04/07;1468.33 
13/04/07;1452.85 
12/04/07;1447.80 
11/04/07;1438.87 
10/04/07;1448.39 
09/04/07;1444.61 
05/04/07;1443.76 
04/04/07;1439.37 
03/04/07;1437.77 
02/04/07;1424.55 
30/03/07;1420.86 
29/03/07;1422.53 
28/03/07;1417.23 
27/03/07;1428.61 
26/03/07;1437.50 
23/03/07;1436.11 
22/03/07;1434.54 
21/03/07;1435.04 
20/03/07;1410.94 
19/03/07;1402.06 
16/03/07;1386.95 
15/03/07;1392.28 
14/03/07;1387.17 
13/03/07;1377.95 
12/03/07;1406.60 
09/03/07;1402.84 
08/03/07;1401.89 
07/03/07;1391.97 
06/03/07;1395.41 
05/03/07;1374.12 
02/03/07;1387.17 
01/03/07;1403.17 
28/02/07;1406.82 
27/02/07;1399.04 
26/02/07;1449.37 
23/02/07;1451.19 
22/02/07;1456.38 
21/02/07;1457.63 
20/02/07;1459.68 
16/02/07;1455.54 
15/02/07;1456.81 
14/02/07;1455.30 
13/02/07;1444.26 
12/02/07;1433.37 
09/02/07;1438.06 
08/02/07;1448.31 
07/02/07;1450.02 
06/02/07;1448.00 
05/02/07;1446.99 
02/02/07;1448.39 
01/02/07;1445.94 
31/01/07;1438.24 
30/01/07;1428.82 
29/01/07;1420.62 
26/01/07;1422.18 
25/01/07;1423.90 
24/01/07;1440.13 
23/01/07;1427.99 
22/01/07;1422.95 
19/01/07;1430.50 
18/01/07;1426.37 
17/01/07;1430.62 
16/01/07;1431.90 
12/01/07;1430.73 
11/01/07;1423.82 
10/01/07;1414.85 
09/01/07;1412.11 
08/01/07;1412.84 
05/01/07;1409.71 
04/01/07;1418.34 
03/01/07;1416.60 
29/12/06;1418.30 
28/12/06;1424.73 
27/12/06;1426.84 
26/12/06;1416.90 
22/12/06;1410.76 
21/12/06;1418.30 
20/12/06;1423.53 
19/12/06;1425.55 
18/12/06;1422.48 
15/12/06;1427.09 
14/12/06;1425.49 
13/12/06;1413.21 
12/12/06;1411.56 
11/12/06;1413.04 
08/12/06;1409.84 
07/12/06;1407.29 
06/12/06;1412.90 
05/12/06;1414.76 
04/12/06;1409.12 
01/12/06;1396.71 
30/11/06;1400.63 
29/11/06;1399.48 
28/11/06;1386.72 
27/11/06;1381.96 
24/11/06;1400.95 
22/11/06;1406.09 
21/11/06;1402.81 
20/11/06;1400.50 
17/11/06;1401.20 
16/11/06;1399.76 
15/11/06;1396.57 
14/11/06;1393.22 
13/11/06;1384.42 
10/11/06;1380.90 
09/11/06;1378.33 
08/11/06;1385.72 
07/11/06;1382.84 
06/11/06;1379.78 
03/11/06;1364.30 
02/11/06;1367.34 
01/11/06;1367.81 
31/10/06;1377.94 
30/10/06;1377.93 
27/10/06;1377.34 
26/10/06;1389.08 
25/10/06;1382.22 
24/10/06;1377.38 
23/10/06;1377.02 
20/10/06;1368.60 
19/10/06;1366.96 
18/10/06;1365.80 
17/10/06;1364.05 
16/10/06;1369.06 
13/10/06;1365.62 
12/10/06;1362.83 
11/10/06;1349.95 
10/10/06;1353.42 
09/10/06;1350.66 
06/10/06;1349.59 
05/10/06;1353.22 
04/10/06;1350.20 
03/10/06;1334.11 
02/10/06;1331.32 
29/09/06;1335.85 
28/09/06;1338.88 
27/09/06;1336.59 
26/09/06;1336.35 
25/09/06;1326.37 
22/09/06;1314.78 
21/09/06;1318.03 
20/09/06;1325.18 
19/09/06;1317.64 
18/09/06;1321.18 
15/09/06;1319.66 
14/09/06;1316.28 
13/09/06;1318.07 
12/09/06;1313.00 
11/09/06;1299.54 
08/09/06;1298.92 
07/09/06;1294.02 
06/09/06;1300.26 
05/09/06;1313.25 
01/09/06;1311.01 
31/08/06;1303.82 
30/08/06;1305.37 
29/08/06;1304.28 
28/08/06;1301.78 
25/08/06;1295.09 
24/08/06;1296.06 
23/08/06;1292.99 
22/08/06;1298.82 
21/08/06;1297.52 
18/08/06;1302.30 
17/08/06;1297.48 
16/08/06;1295.43 
15/08/06;1285.58 
14/08/06;1268.21 
11/08/06;1266.74 
10/08/06;1271.81 
09/08/06;1265.95 
08/08/06;1271.48 
07/08/06;1275.77 
04/08/06;1279.36 
03/08/06;1280.27 
02/08/06;1277.41 
01/08/06;1270.92 
31/07/06;1276.66 
28/07/06;1278.55 
27/07/06;1263.20 
26/07/06;1268.40 
25/07/06;1268.88 
24/07/06;1260.91 
21/07/06;1240.29 
20/07/06;1249.13 
19/07/06;1259.81 
18/07/06;1236.86 
17/07/06;1234.49 
14/07/06;1236.20 
13/07/06;1242.28 
12/07/06;1258.60 
11/07/06;1272.43 
10/07/06;1267.34 
07/07/06;1265.48 
06/07/06;1274.08 
05/07/06;1270.91 
03/07/06;1280.19 
30/06/06;1270.20 
29/06/06;1272.87 
28/06/06;1246.00 
27/06/06;1239.20 
26/06/06;1250.56 
23/06/06;1244.50 
22/06/06;1245.60 
21/06/06;1252.20 
20/06/06;1240.12 
19/06/06;1240.13 
16/06/06;1251.54 
15/06/06;1256.16 
14/06/06;1230.04 
13/06/06;1223.69 
12/06/06;1237.44 
09/06/06;1252.30 
08/06/06;1257.93 
07/06/06;1256.15 
06/06/06;1263.85 
05/06/06;1265.29 
02/06/06;1288.22 
01/06/06;1285.71 
31/05/06;1270.09 
30/05/06;1259.87 
26/05/06;1280.16 
25/05/06;1272.88 
24/05/06;1258.57 
23/05/06;1256.58 
22/05/06;1262.07 
19/05/06;1267.03 
18/05/06;1261.81 
17/05/06;1270.32 
16/05/06;1292.08 
15/05/06;1294.50 
12/05/06;1291.24 
11/05/06;1305.92 
10/05/06;1322.85 
09/05/06;1325.14 
08/05/06;1324.66 
05/05/06;1325.76 
04/05/06;1312.25 
03/05/06;1308.12 
02/05/06;1313.21 
01/05/06;1305.19 
28/04/06;1310.61 
27/04/06;1309.72 
26/04/06;1305.41 
25/04/06;1301.74 
24/04/06;1308.11 
21/04/06;1311.28 
20/04/06;1311.46 
19/04/06;1309.93 
18/04/06;1307.28 
17/04/06;1285.33 
13/04/06;1289.12 
12/04/06;1288.12 
11/04/06;1286.57 
10/04/06;1296.62 
07/04/06;1295.50 
06/04/06;1309.04 
05/04/06;1311.56 
04/04/06;1305.93 
03/04/06;1297.81 
31/03/06;1294.87 
30/03/06;1300.25 
29/03/06;1302.89 
28/03/06;1293.23 
27/03/06;1301.61 
24/03/06;1302.95 
23/03/06;1301.67 
22/03/06;1305.04 
21/03/06;1297.23 
20/03/06;1305.08 
17/03/06;1307.25 
16/03/06;1305.33 
15/03/06;1303.02 
14/03/06;1297.48 
13/03/06;1284.13 
10/03/06;1281.42 
09/03/06;1272.23 
08/03/06;1278.47 
07/03/06;1275.88 
06/03/06;1278.26 
03/03/06;1287.23 
02/03/06;1289.14 
01/03/06;1291.24 
28/02/06;1280.66 
27/02/06;1294.12 
24/02/06;1289.43 
23/02/06;1287.79 
22/02/06;1292.67 
21/02/06;1283.03 
17/02/06;1287.24 
16/02/06;1289.38 
15/02/06;1280.00 
14/02/06;1275.53 
13/02/06;1262.86 
10/02/06;1266.99 
09/02/06;1263.78 
08/02/06;1265.65 
07/02/06;1254.78 
06/02/06;1265.02 
03/02/06;1264.03 
02/02/06;1270.84 
01/02/06;1282.46 
31/01/06;1280.08 
30/01/06;1285.19 
27/01/06;1283.72 
26/01/06;1273.83 
25/01/06;1264.68 
24/01/06;1266.86 
23/01/06;1263.82 
20/01/06;1261.49 
19/01/06;1285.04 
18/01/06;1277.93 
17/01/06;1283.03 
13/01/06;1287.61 
12/01/06;1286.06 
11/01/06;1294.18 
10/01/06;1289.69 
09/01/06;1290.15 
06/01/06;1285.45 
05/01/06;1273.48 
04/01/06;1273.46 
03/01/06;1268.80 
30/12/05;1248.30 
29/12/05;1254.40 
28/12/05;1258.20 
27/12/05;1256.50 
23/12/05;1268.70 
22/12/05;1268.10 
21/12/05;1262.80 
20/12/05;1259.60 
19/12/05;1259.90 
16/12/05;1267.30 
15/12/05;1270.90 
14/12/05;1272.70 
13/12/05;1267.40 
12/12/05;1260.40 
09/12/05;1259.40 
08/12/05;1255.80 
07/12/05;1257.40 
06/12/05;1263.70 
05/12/05;1262.10 
02/12/05;1265.10 
01/12/05;1264.70 
30/11/05;1249.50 
29/11/05;1257.50 
28/11/05;1257.50 
25/11/05;1268.20 
23/11/05;1265.60 
22/11/05;1261.20 
21/11/05;1254.80 
18/11/05;1248.30 
17/11/05;1242.80 
16/11/05;1231.20 
15/11/05;1229.00 
14/11/05;1233.80 
11/11/05;1234.70 
10/11/05;1231.00 
09/11/05;1220.70 
08/11/05;1218.60 
07/11/05;1222.80 
04/11/05;1220.10 
03/11/05;1219.90 
02/11/05;1214.80 
01/11/05;1202.80 
31/10/05;1207.00 
28/10/05;1198.40 
27/10/05;1178.90 
26/10/05;1191.40 
25/10/05;1196.50 
24/10/05;1199.40 
21/10/05;1179.60 
20/10/05;1177.80 
19/10/05;1195.80 
18/10/05;1178.10 
17/10/05;1190.10 
14/10/05;1186.60 
13/10/05;1176.80 
12/10/05;1177.70 
11/10/05;1184.90 
10/10/05;1187.30 
07/10/05;1195.90 
06/10/05;1191.50 
05/10/05;1196.40 
04/10/05;1214.50 
03/10/05;1226.70 
30/09/05;1228.80 
29/09/05;1227.70 
28/09/05;1216.90 
27/09/05;1215.70 
26/09/05;1215.60 
23/09/05;1215.30 
22/09/05;1214.60 
21/09/05;1210.20 
20/09/05;1221.30 
19/09/05;1231.00 
16/09/05;1237.90 
15/09/05;1227.70 
14/09/05;1227.20 
13/09/05;1231.20 
12/09/05;1240.60 
09/09/05;1241.50 
08/09/05;1231.70 
07/09/05;1236.40 
06/09/05;1233.40 
02/09/05;1218.00 
01/09/05;1221.60 
31/08/05;1220.30 
30/08/05;1208.40 
29/08/05;1212.30 
26/08/05;1205.10 
25/08/05;1212.40 
24/08/05;1209.60 
23/08/05;1217.60 
22/08/05;1221.70 
19/08/05;1219.70 
18/08/05;1219.00 
17/08/05;1220.20 
16/08/05;1219.30 
15/08/05;1233.90 
12/08/05;1230.40 
11/08/05;1237.80 
10/08/05;1229.10 
09/08/05;1231.40 
08/08/05;1223.10 
05/08/05;1226.40 
04/08/05;1235.90 
03/08/05;1245.00 
02/08/05;1244.10 
01/08/05;1235.30 
29/07/05;1234.20 
28/07/05;1243.70 
27/07/05;1236.80 
26/07/05;1231.20 
25/07/05;1229.00 
22/07/05;1233.70 
21/07/05;1227.00 
20/07/05;1235.20 
19/07/05;1229.30 
18/07/05;1221.10 
15/07/05;1227.90 
14/07/05;1226.50 
13/07/05;1223.30 
12/07/05;1222.20 
11/07/05;1219.40 
08/07/05;1211.90 
07/07/05;1197.90 
06/07/05;1194.90 
05/07/05;1205.00 
01/07/05;1194.40 
30/06/05;1191.30 
29/06/05;1199.80 
28/06/05;1201.60 
27/06/05;1190.70 
24/06/05;1191.60 
23/06/05;1200.70 
22/06/05;1213.90 
21/06/05;1213.60 
20/06/05;1216.10 
17/06/05;1217.00 
16/06/05;1211.00 
15/06/05;1206.60 
14/06/05;1203.90 
13/06/05;1200.80 
10/06/05;1198.10 
09/06/05;1200.90 
08/06/05;1194.70 
07/06/05;1197.30 
06/06/05;1197.50 
03/06/05;1196.00 
02/06/05;1204.30 
01/06/05;1202.30 
31/05/05;1191.50 
27/05/05;1198.80 
26/05/05;1197.60 
25/05/05;1190.00 
24/05/05;1194.10 
23/05/05;1193.90 
20/05/05;1189.30 
19/05/05;1191.10 
18/05/05;1185.60 
17/05/05;1173.80 
16/05/05;1165.70 
13/05/05;1154.00 
12/05/05;1159.40 
11/05/05;1171.10 
10/05/05;1166.20 
09/05/05;1178.80 
06/05/05;1171.30 
05/05/05;1172.60 
04/05/05;1175.70 
03/05/05;1161.20 
02/05/05;1162.20 
29/04/05;1156.80 
28/04/05;1143.20 
27/04/05;1156.40 
26/04/05;1151.70 
25/04/05;1162.10 
22/04/05;1152.10 
21/04/05;1160.00 
20/04/05;1137.50 
19/04/05;1152.80 
18/04/05;1146.00 
15/04/05;1142.60 
14/04/05;1162.00 
13/04/05;1173.80 
12/04/05;1187.80 
11/04/05;1181.20 
08/04/05;1181.20 
07/04/05;1191.10 
06/04/05;1184.10 
05/04/05;1181.40 
04/04/05;1176.10 
01/04/05;1172.90 
31/03/05;1180.60 
30/03/05;1181.40 
29/03/05;1165.40 
28/03/05;1174.30 
24/03/05;1171.40 
23/03/05;1172.50 
22/03/05;1171.70 
21/03/05;1183.80 
18/03/05;1189.70 
17/03/05;1190.20 
16/03/05;1188.10 
15/03/05;1197.80 
14/03/05;1206.80 
11/03/05;1200.10 
10/03/05;1209.20 
09/03/05;1207.00 
08/03/05;1219.40 
07/03/05;1225.30 
04/03/05;1222.10 
03/03/05;1210.50 
02/03/05;1210.10 
01/03/05;1210.40 
28/02/05;1203.60 
25/02/05;1211.40 
24/02/05;1200.20 
23/02/05;1190.80 
22/02/05;1184.20 
18/02/05;1201.60 
17/02/05;1200.80 
16/02/05;1210.30 
15/02/05;1210.10 
14/02/05;1206.10 
11/02/05;1205.30 
10/02/05;1197.00 
09/02/05;1192.00 
08/02/05;1202.30 
07/02/05;1201.70 
04/02/05;1203.00 
03/02/05;1189.90 
02/02/05;1193.20 
01/02/05;1189.40 
31/01/05;1181.30 
28/01/05;1171.40 
27/01/05;1174.50 
26/01/05;1174.10 
25/01/05;1168.40 
24/01/05;1163.80 
21/01/05;1167.90 
20/01/05;1175.40 
19/01/05;1184.60 
18/01/05;1196.00 
14/01/05;1184.50 
13/01/05;1177.50 
12/01/05;1187.70 
11/01/05;1183.00 
10/01/05;1190.20 
07/01/05;1186.20 
06/01/05;1187.90 
05/01/05;1183.70 
04/01/05;1188.00 
03/01/05;1202.10 
31/12/04;1211.90 
30/12/04;1213.50 
29/12/04;1213.50 
28/12/04;1213.50 
27/12/04;1204.90 
23/12/04;1210.10 
22/12/04;1209.60 
21/12/04;1205.50 
20/12/04;1194.70 
17/12/04;1194.20 
16/12/04;1203.20 
15/12/04;1205.70 
14/12/04;1203.40 
13/12/04;1198.70 
10/12/04;1188.00 
09/12/04;1189.20 
08/12/04;1182.80 
07/12/04;1177.10 
06/12/04;1190.20 
03/12/04;1191.20 
02/12/04;1190.30 
01/12/04;1191.40 
30/11/04;1173.80 
29/11/04;1178.60 
26/11/04;1182.70 
24/11/04;1181.80 
23/11/04;1176.90 
22/11/04;1177.20 
19/11/04;1170.30 
18/11/04;1183.50 
17/11/04;1181.90 
16/11/04;1175.40 
15/11/04;1183.80 
12/11/04;1184.20 
11/11/04;1173.50 
10/11/04;1162.90 
09/11/04;1164.10 
08/11/04;1164.90 
05/11/04;1166.20 
04/11/04;1161.70 
03/11/04;1143.20 
02/11/04;1130.50 
01/11/04;1130.50 
29/10/04;1130.20 
28/10/04;1127.40 
27/10/04;1125.40 
26/10/04;1111.10 
25/10/04;1094.80 
22/10/04;1095.70 
21/10/04;1106.50 
20/10/04;1103.70 
19/10/04;1103.20 
18/10/04;1114.00 
15/10/04;1108.20 
14/10/04;1103.30 
13/10/04;1113.70 
12/10/04;1121.80 
11/10/04;1124.40 
08/10/04;1122.10 
07/10/04;1130.70 
06/10/04;1142.00 
05/10/04;1134.50 
04/10/04;1135.20 
01/10/04;1131.50 
30/09/04;1114.60 
29/09/04;1114.80 
28/09/04;1110.10 
27/09/04;1103.50 
24/09/04;1110.10 
23/09/04;1108.40 
22/09/04;1113.60 
21/09/04;1129.30 
20/09/04;1122.20 
17/09/04;1128.50 
16/09/04;1123.50 
15/09/04;1120.40 
14/09/04;1128.30 
13/09/04;1125.80 
10/09/04;1123.90 
09/09/04;1118.40 
08/09/04;1116.30 
07/09/04;1121.30 
03/09/04;1113.60 
02/09/04;1118.30 
01/09/04;1105.90 
31/08/04;1104.20 
30/08/04;1099.20 
27/08/04;1107.80 
26/08/04;1105.10 
25/08/04;1105.00 
24/08/04;1096.20 
23/08/04;1095.70 
20/08/04;1098.30 
19/08/04;1091.20 
18/08/04;1095.20 
17/08/04;1081.70 
16/08/04;1079.30 
13/08/04;1064.80 
12/08/04;1063.20 
11/08/04;1075.80 
10/08/04;1079.00 
09/08/04;1065.20 
06/08/04;1064.00 
05/08/04;1080.70 
04/08/04;1098.60 
03/08/04;1099.70 
02/08/04;1106.60 
30/07/04;1101.70 
29/07/04;1100.40 
28/07/04;1095.40 
27/07/04;1094.80 
26/07/04;1084.10 
23/07/04;1086.20 
22/07/04;1096.80 
21/07/04;1093.90 
20/07/04;1108.70 
19/07/04;1100.90 
16/07/04;1101.40 
15/07/04;1106.70 
14/07/04;1111.50 
13/07/04;1115.10 
12/07/04;1114.30 
09/07/04;1112.80 
08/07/04;1109.10 
07/07/04;1118.30 
06/07/04;1116.20 
02/07/04;1125.40 
01/07/04;1128.90 
30/06/04;1140.80 
29/06/04;1136.20 
28/06/04;1133.30 
25/06/04;1134.40 
24/06/04;1140.70 
23/06/04;1144.10 
22/06/04;1134.40 
21/06/04;1130.30 
18/06/04;1135.00 
17/06/04;1132.00 
16/06/04;1133.60 
15/06/04;1132.00 
14/06/04;1125.30 
10/06/04;1136.50 
09/06/04;1131.30 
08/06/04;1142.20 
07/06/04;1140.40 
04/06/04;1122.50 
03/06/04;1116.60 
02/06/04;1125.00 
01/06/04;1121.20 
28/05/04;1120.70 
27/05/04;1121.30 
26/05/04;1114.90 
25/05/04;1113.00 
24/05/04;1095.40 
21/05/04;1093.60 
20/05/04;1089.20 
19/05/04;1088.70 
18/05/04;1091.50 
17/05/04;1084.10 
14/05/04;1095.70 
13/05/04;1096.40 
12/05/04;1097.30 
11/05/04;1095.50 
10/05/04;1087.10 
07/05/04;1098.70 
06/05/04;1114.00 
05/05/04;1121.50 
04/05/04;1119.50 
03/05/04;1117.50 
30/04/04;1107.30 
29/04/04;1113.90 
28/04/04;1122.40 
27/04/04;1138.10 
26/04/04;1135.50 
23/04/04;1140.60 
22/04/04;1139.90 
21/04/04;1124.10 
20/04/04;1118.20 
19/04/04;1135.80 
16/04/04;1134.60 
15/04/04;1128.80 
14/04/04;1128.20 
13/04/04;1129.40 
12/04/04;1145.20 
08/04/04;1139.30 
07/04/04;1140.50 
06/04/04;1148.20 
05/04/04;1150.60 
02/04/04;1141.80 
01/04/04;1132.20 
31/03/04;1126.20 
30/03/04;1127.00 
29/03/04;1122.50 
26/03/04;1108.10 
25/03/04;1109.20 
24/03/04;1091.30 
23/03/04;1094.00 
22/03/04;1095.40 
19/03/04;1109.80 
18/03/04;1122.30 
17/03/04;1123.80 
16/03/04;1110.70 
15/03/04;1104.50 
12/03/04;1120.60 
11/03/04;1106.80 
10/03/04;1123.90 
09/03/04;1140.60 
08/03/04;1147.20 
05/03/04;1156.90 
04/03/04;1154.90 
03/03/04;1151.00 
02/03/04;1149.10 
01/03/04;1156.00 
27/02/04;1144.90 
26/02/04;1144.90 
25/02/04;1143.70 
24/02/04;1139.10 
23/02/04;1141.00 
20/02/04;1144.10 
19/02/04;1147.10 
18/02/04;1151.80 
17/02/04;1157.00 
13/02/04;1145.80 
12/02/04;1152.10 
11/02/04;1157.80 
10/02/04;1145.50 
09/02/04;1139.80 
06/02/04;1142.80 
05/02/04;1128.60 
04/02/04;1126.50 
03/02/04;1136.00 
02/02/04;1135.30 
30/01/04;1131.10 
29/01/04;1134.10 
28/01/04;1128.50 
27/01/04;1144.00 
26/01/04;1155.40 
23/01/04;1141.50 
22/01/04;1143.90 
21/01/04;1147.60 
20/01/04;1138.80 
16/01/04;1139.80 
15/01/04;1132.00 
14/01/04;1130.50 
13/01/04;1121.20 
12/01/04;1127.20 
09/01/04;1121.90 
08/01/04;1131.90 
07/01/04;1126.30 
06/01/04;1123.70 
05/01/04;1122.20 
02/01/04;1108.50 
31/12/03;1111.90 
30/12/03;1109.60 
29/12/03;1109.50 
26/12/03;1095.90 
24/12/03;1094.00 
23/12/03;1096.00 
22/12/03;1092.90 
19/12/03;1088.70 
18/12/03;1089.20 
17/12/03;1076.50 
16/12/03;1075.10 
15/12/03;1068.00 
12/12/03;1074.10 
11/12/03;1071.20 
10/12/03;1059.00 
09/12/03;1060.20 
08/12/03;1069.30 
05/12/03;1061.50 
04/12/03;1069.70 
03/12/03;1064.70 
02/12/03;1066.60 
01/12/03;1070.10 
28/11/03;1058.20 
26/11/03;1058.50 
25/11/03;1053.90 
24/11/03;1052.10 
21/11/03;1035.30 
20/11/03;1033.70 
19/11/03;1042.40 
18/11/03;1034.20 
17/11/03;1043.60 
14/11/03;1050.30 
13/11/03;1058.40 
12/11/03;1058.60 
11/11/03;1046.60 
10/11/03;1047.10 
07/11/03;1053.20 
06/11/03;1058.00 
05/11/03;1051.80 
04/11/03;1053.20 
03/11/03;1059.00 
31/10/03;1050.70 
30/10/03;1046.90 
29/10/03;1048.10 
28/10/03;1046.80 
27/10/03;1031.10 
24/10/03;1028.90 
23/10/03;1033.80 
22/10/03;1030.40 
21/10/03;1046.00 
20/10/03;1044.70 
17/10/03;1039.30 
16/10/03;1050.10 
15/10/03;1046.80 
14/10/03;1049.50 
13/10/03;1045.30 
10/10/03;1038.10 
09/10/03;1038.70 
08/10/03;1033.80 
07/10/03;1039.20 
06/10/03;1034.30 
03/10/03;1029.80 
02/10/03;1020.20 
01/10/03;1018.20 
30/09/03;996.00 
29/09/03;1006.60 
26/09/03;996.90 
25/09/03;1003.30 
24/09/03;1009.40 
23/09/03;1029.00 
22/09/03;1022.80 
19/09/03;1036.30 
18/09/03;1039.60 
17/09/03;1026.00 
16/09/03;1029.30 
15/09/03;1014.80 
12/09/03;1018.60 
11/09/03;1016.40 
10/09/03;1010.90 
09/09/03;1023.20 
08/09/03;1031.60 
05/09/03;1021.40 
04/09/03;1028.00 
03/09/03;1026.30 
02/09/03;1022.00 
29/08/03;1008.00 
28/08/03;1002.80 
27/08/03;996.80 
26/08/03;996.70 
25/08/03;993.70 
22/08/03;993.10 
21/08/03;1003.30 
20/08/03;1000.30 
19/08/03;1002.40 
18/08/03;999.70 
15/08/03;990.70 
14/08/03;990.50 
13/08/03;984.00 
12/08/03;990.40 
11/08/03;980.60 
08/08/03;977.60 
07/08/03;974.10 
06/08/03;967.10 
05/08/03;965.50 
04/08/03;982.80 
01/08/03;980.10 
31/07/03;990.30 
30/07/03;987.50 
29/07/03;989.30 
28/07/03;996.50 
25/07/03;998.70 
24/07/03;981.60 
23/07/03;988.60 
22/07/03;988.10 
21/07/03;978.80 
18/07/03;993.30 
17/07/03;981.70 
16/07/03;994.00 
15/07/03;1000.40 
14/07/03;1003.90 
11/07/03;998.10 
10/07/03;988.70 
09/07/03;1002.20 
08/07/03;1007.80 
07/07/03;1004.40 
03/07/03;985.70 
02/07/03;993.80 
01/07/03;982.30 
30/06/03;974.50 
27/06/03;976.20 
26/06/03;985.80 
25/06/03;975.30 
24/06/03;983.50 
23/06/03;981.60 
20/06/03;995.70 
19/06/03;994.70 
18/06/03;1010.10 
17/06/03;1011.70 
16/06/03;1010.70 
13/06/03;988.60 
12/06/03;998.50 
11/06/03;997.50 
10/06/03;984.80 
09/06/03;975.90 
06/06/03;987.80 
05/06/03;990.10 
04/06/03;986.20 
03/06/03;971.60 
02/06/03;967.00 
30/05/03;963.60 
29/05/03;949.60 
28/05/03;953.20 
27/05/03;951.50 
23/05/03;933.20 
22/05/03;931.90 
21/05/03;923.40 
20/05/03;919.70 
19/05/03;920.80 
16/05/03;944.30 
15/05/03;946.70 
14/05/03;939.30 
13/05/03;942.30 
12/05/03;945.10 
09/05/03;933.40 
08/05/03;920.30 
07/05/03;929.60 
06/05/03;934.40 
05/05/03;926.50 
02/05/03;930.10 
01/05/03;916.30 
30/04/03;916.90 
29/04/03;917.80 
28/04/03;914.80 
25/04/03;898.80 
24/04/03;911.40 
23/04/03;919.00 
22/04/03;911.40 
21/04/03;892.00 
17/04/03;893.60 
16/04/03;879.90 
15/04/03;890.80 
14/04/03;885.20 
11/04/03;868.30 
10/04/03;871.60 
09/04/03;866.00 
08/04/03;878.30 
07/04/03;879.90 
04/04/03;878.90 
03/04/03;876.50 
02/04/03;880.90 
01/04/03;858.50 
31/03/03;848.20 
28/03/03;863.50 
27/03/03;868.50 
26/03/03;870.00 
25/03/03;874.70 
24/03/03;864.20 
21/03/03;895.80 
20/03/03;875.70 
19/03/03;874.00 
18/03/03;866.50 
17/03/03;862.80 
14/03/03;833.30 
13/03/03;831.90 
12/03/03;804.20 
11/03/03;800.70 
10/03/03;807.50 
07/03/03;828.90 
06/03/03;822.10 
05/03/03;829.90 
04/03/03;822.00 
03/03/03;834.80 
28/02/03;841.10 
27/02/03;837.30 
26/02/03;827.50 
25/02/03;838.60 
24/02/03;832.60 
21/02/03;848.20 
20/02/03;837.10 
19/02/03;845.10 
18/02/03;851.20 
14/02/03;834.90 
13/02/03;817.40 
12/02/03;818.70 
11/02/03;829.20 
10/02/03;836.00 
07/02/03;829.70 
06/02/03;838.10 
05/02/03;843.60 
04/02/03;848.20 
03/02/03;860.30 
31/01/03;855.70 
30/01/03;844.60 
29/01/03;864.40 
28/01/03;858.50 
27/01/03;847.50 
24/01/03;861.40 
23/01/03;887.30 
22/01/03;878.40 
21/01/03;887.60 
17/01/03;901.80 
16/01/03;914.60 
15/01/03;918.20 
14/01/03;931.70 
13/01/03;926.30 
10/01/03;927.60 
09/01/03;927.60 
08/01/03;909.90 
07/01/03;922.90 
06/01/03;929.00 
03/01/03;908.60 
02/01/03;909.00 
31/12/02;879.80 
30/12/02;879.40 
27/12/02;875.40 
26/12/02;889.70 
24/12/02;892.50 
23/12/02;897.40 
20/12/02;895.80 
19/12/02;884.20 
18/12/02;891.10 
17/12/02;903.00 
16/12/02;910.40 
13/12/02;889.50 
12/12/02;901.60 
11/12/02;905.00 
10/12/02;904.50 
09/12/02;892.00 
06/12/02;912.20 
05/12/02;906.50 
04/12/02;917.60 
03/12/02;920.80 
02/12/02;934.50 
29/11/02;936.30 
27/11/02;938.90 
26/11/02;913.30 
25/11/02;932.90 
22/11/02;930.50 
21/11/02;933.80 
20/11/02;914.10 
19/11/02;896.70 
18/11/02;900.40 
15/11/02;909.80 
14/11/02;904.30 
13/11/02;882.50 
12/11/02;883.00 
11/11/02;876.20 
08/11/02;894.70 
07/11/02;902.60 
06/11/02;923.80 
05/11/02;915.40 
04/11/02;908.40 
01/11/02;901.00 
31/10/02;885.80 
30/10/02;890.70 
29/10/02;882.10 
28/10/02;890.20 
25/10/02;897.60 
24/10/02;882.50 
23/10/02;896.10 
22/10/02;890.20 
21/10/02;899.70 
18/10/02;884.40 
17/10/02;879.20 
16/10/02;860.00 
15/10/02;881.30 
14/10/02;841.40 
11/10/02;835.30 
10/10/02;803.90 
09/10/02;776.80 
08/10/02;798.50 
07/10/02;785.30 
04/10/02;800.60 
03/10/02;819.00 
02/10/02;827.90 
01/10/02;847.90 
30/09/02;815.30 
27/09/02;827.40 
26/09/02;855.00 
25/09/02;839.70 
24/09/02;819.30 
23/09/02;833.70 
20/09/02;845.40 
19/09/02;843.30 
18/09/02;869.50 
17/09/02;873.50 
16/09/02;891.10 
13/09/02;889.80 
12/09/02;886.90 
11/09/02;909.50 
10/09/02;909.60 
09/09/02;903.00 
06/09/02;893.90 
05/09/02;879.10 
04/09/02;893.40 
03/09/02;878.00 
30/08/02;916.10 
29/08/02;917.80 
28/08/02;917.90 
27/08/02;934.80 
26/08/02;948.00 
23/08/02;940.90 
22/08/02;962.70 
21/08/02;949.40 
20/08/02;937.40 
19/08/02;950.70 
16/08/02;928.80 
15/08/02;930.20 
14/08/02;919.60 
13/08/02;884.20 
12/08/02;903.80 
09/08/02;908.60 
08/08/02;905.50 
07/08/02;876.80 
06/08/02;859.60 
05/08/02;834.60 
02/08/02;864.20 
01/08/02;884.70 
31/07/02;911.60 
30/07/02;902.80 
29/07/02;899.00 
26/07/02;852.80 
25/07/02;838.70 
24/07/02;843.40 
23/07/02;797.70 
22/07/02;819.90 
19/07/02;847.80 
18/07/02;881.60 
17/07/02;906.00 
16/07/02;901.00 
15/07/02;917.90 
12/07/02;921.40 
11/07/02;927.40 
10/07/02;920.50 
09/07/02;952.80 
08/07/02;977.00 
05/07/02;989.00 
03/07/02;954.00 
02/07/02;948.10 
01/07/02;968.60 
28/06/02;989.80 
27/06/02;990.60 
26/06/02;973.50 
25/06/02;976.10 
24/06/02;992.70 
21/06/02;989.10 
20/06/02;1006.30 
19/06/02;1020.00 
18/06/02;1037.10 
17/06/02;1036.20 
14/06/02;1007.30 
13/06/02;1009.60 
12/06/02;1020.30 
11/06/02;1013.60 
10/06/02;1030.70 
07/06/02;1027.50 
06/06/02;1029.20 
05/06/02;1049.90 
04/06/02;1040.70 
03/06/02;1040.70 
31/05/02;1067.10 
30/05/02;1064.70 
29/05/02;1067.70 
28/05/02;1074.50 
24/05/02;1083.80 
23/05/02;1097.10 
22/05/02;1086.00 
21/05/02;1079.90 
20/05/02;1091.90 
17/05/02;1106.60 
16/05/02;1098.20 
15/05/02;1091.10 
14/05/02;1097.30 
13/05/02;1074.60 
10/05/02;1055.00 
09/05/02;1073.00 
08/05/02;1088.80 
07/05/02;1049.50 
06/05/02;1052.70 
03/05/02;1073.40 
02/05/02;1084.60 
01/05/02;1086.50 
30/04/02;1076.90 
29/04/02;1065.50 
26/04/02;1076.30 
25/04/02;1091.50 
24/04/02;1093.10 
23/04/02;1101.00 
22/04/02;1107.80 
19/04/02;1125.20 
18/04/02;1124.50 
17/04/02;1126.10 
16/04/02;1128.40 
15/04/02;1102.50 
12/04/02;1111.00 
11/04/02;1103.70 
10/04/02;1130.50 
09/04/02;1117.80 
08/04/02;1125.30 
05/04/02;1122.70 
04/04/02;1126.30 
03/04/02;1125.40 
02/04/02;1136.80 
01/04/02;1146.50 
28/03/02;1147.40 
27/03/02;1144.60 
26/03/02;1138.50 
25/03/02;1131.90 
22/03/02;1148.70 
21/03/02;1153.60 
20/03/02;1151.80 
19/03/02;1170.30 
18/03/02;1165.50 
15/03/02;1166.20 
14/03/02;1153.00 
13/03/02;1154.10 
12/03/02;1165.60 
11/03/02;1168.30 
08/03/02;1164.30 
07/03/02;1157.50 
06/03/02;1162.80 
05/03/02;1146.10 
04/03/02;1153.80 
01/03/02;1131.80 
28/02/02;1106.70 
27/02/02;1109.90 
26/02/02;1109.40 
25/02/02;1109.40 
22/02/02;1089.80 
21/02/02;1081.00 
20/02/02;1098.00 
19/02/02;1083.30 
15/02/02;1104.20 
14/02/02;1116.50 
13/02/02;1118.50 
12/02/02;1107.50 
11/02/02;1111.90 
08/02/02;1096.20 
07/02/02;1080.20 
06/02/02;1083.50 
05/02/02;1090.00 
04/02/02;1094.40 
01/02/02;1122.20 
31/01/02;1130.20 
30/01/02;1113.60 
29/01/02;1100.60 
28/01/02;1133.10 
25/01/02;1133.30 
24/01/02;1132.20 
23/01/02;1128.20 
22/01/02;1119.30 
18/01/02;1127.60 
17/01/02;1138.90 
16/01/02;1127.60 
15/01/02;1146.20 
14/01/02;1138.40 
11/01/02;1145.60 
10/01/02;1156.50 
09/01/02;1155.10 
08/01/02;1160.70 
07/01/02;1164.90 
04/01/02;1172.50 
03/01/02;1165.30 
02/01/02;1154.70 
31/12/01;1148.10 
28/12/01;1161.00 
27/12/01;1157.10 
26/12/01;1149.40 
24/12/01;1144.70 
21/12/01;1144.90 
20/12/01;1139.90 
19/12/01;1149.60 
18/12/01;1142.90 
17/12/01;1134.40 
14/12/01;1123.10 
13/12/01;1119.40 
12/12/01;1137.10 
11/12/01;1136.80 
10/12/01;1139.90 
07/12/01;1158.30 
06/12/01;1167.10 
05/12/01;1170.30 
04/12/01;1144.80 
03/12/01;1129.90 
30/11/01;1139.50 
29/11/01;1140.20 
28/11/01;1128.50 
27/11/01;1149.50 
26/11/01;1157.40 
23/11/01;1150.30 
21/11/01;1137.00 
20/11/01;1142.70 
19/11/01;1151.10 
16/11/01;1138.70 
15/11/01;1142.20 
14/11/01;1141.20 
13/11/01;1139.10 
12/11/01;1118.30 
09/11/01;1120.30 
08/11/01;1118.50 
07/11/01;1115.80 
06/11/01;1118.90 
05/11/01;1102.80 
02/11/01;1087.20 
01/11/01;1084.10 
31/10/01;1059.80 
30/10/01;1059.80 
29/10/01;1078.30 
26/10/01;1104.60 
25/10/01;1100.10 
24/10/01;1085.20 
23/10/01;1084.80 
22/10/01;1089.90 
19/10/01;1073.50 
18/10/01;1068.60 
17/10/01;1077.10 
16/10/01;1097.50 
15/10/01;1090.00 
12/10/01;1091.70 
11/10/01;1097.40 
10/10/01;1081.00 
09/10/01;1056.80 
08/10/01;1062.40 
05/10/01;1071.40 
04/10/01;1069.60 
03/10/01;1072.30 
02/10/01;1051.30 
01/10/01;1038.50 
28/09/01;1040.90 
27/09/01;1018.60 
26/09/01;1007.00 
25/09/01;1012.30 
24/09/01;1003.50 
21/09/01;965.80 
20/09/01;984.50 
19/09/01;1016.10 
18/09/01;1032.70 
17/09/01;1038.80 
10/09/01;1092.50 
07/09/01;1085.80 
06/09/01;1106.40 
05/09/01;1131.70 
04/09/01;1132.90 
31/08/01;1133.60 
30/08/01;1129.00 
29/08/01;1148.60 
28/08/01;1161.50 
27/08/01;1179.20 
24/08/01;1184.90 
23/08/01;1162.10 
22/08/01;1165.30 
21/08/01;1157.30 
20/08/01;1171.40 
17/08/01;1162.00 
16/08/01;1181.70 
15/08/01;1178.00 
14/08/01;1186.70 
13/08/01;1191.30 
10/08/01;1190.20 
09/08/01;1183.40 
08/08/01;1183.50 
07/08/01;1204.40 
06/08/01;1200.50 
03/08/01;1214.30 
02/08/01;1220.80 
01/08/01;1215.90 
31/07/01;1211.20 
30/07/01;1204.50 
27/07/01;1205.80 
26/07/01;1202.90 
25/07/01;1190.50 
24/07/01;1171.70 
23/07/01;1191.00 
20/07/01;1210.80 
19/07/01;1215.00 
18/07/01;1207.70 
17/07/01;1214.40 
16/07/01;1202.50 
13/07/01;1215.70 
12/07/01;1208.10 
11/07/01;1180.20 
10/07/01;1181.50 
09/07/01;1198.80 
06/07/01;1190.60 
05/07/01;1219.20 
03/07/01;1234.50 
02/07/01;1236.70 
29/06/01;1224.40 
28/06/01;1226.20 
27/06/01;1211.10 
26/06/01;1216.80 
25/06/01;1218.60 
22/06/01;1225.30 
21/06/01;1237.00 
20/06/01;1223.10 
19/06/01;1212.60 
18/06/01;1208.40 
15/06/01;1214.40 
14/06/01;1219.90 
13/06/01;1241.60 
12/06/01;1255.80 
11/06/01;1254.40 
08/06/01;1265.00 
07/06/01;1277.00 
06/06/01;1270.00 
05/06/01;1283.60 
04/06/01;1267.10 
01/06/01;1260.70 
31/05/01;1255.80 
30/05/01;1248.10 
29/05/01;1267.90 
25/05/01;1277.90 
24/05/01;1293.20 
23/05/01;1289.00 
22/05/01;1309.40 
21/05/01;1312.80 
18/05/01;1292.00 
17/05/01;1288.50 
16/05/01;1285.00 
15/05/01;1249.40 
14/05/01;1248.90 
11/05/01;1245.70 
10/05/01;1255.20 
09/05/01;1255.50 
08/05/01;1261.20 
07/05/01;1263.50 
04/05/01;1266.60 
03/05/01;1248.60 
02/05/01;1267.40 
01/05/01;1266.40 
30/04/01;1249.50 
27/04/01;1253.00 
26/04/01;1234.50 
25/04/01;1228.80 
24/04/01;1209.50 
23/04/01;1224.40 
20/04/01;1243.00 
19/04/01;1253.70 
18/04/01;1238.20 
17/04/01;1191.80 
16/04/01;1179.70 
12/04/01;1183.50 
11/04/01;1165.90 
10/04/01;1168.40 
09/04/01;1137.60 
06/04/01;1128.40 
05/04/01;1151.40 
04/04/01;1103.20 
03/04/01;1106.50 
02/04/01;1145.90 
30/03/01;1160.30 
29/03/01;1148.00 
28/03/01;1153.30 
27/03/01;1182.20 
26/03/01;1152.70 
23/03/01;1139.80 
22/03/01;1117.60 
21/03/01;1122.10 
20/03/01;1142.60 
19/03/01;1170.80 
16/03/01;1150.50 
15/03/01;1173.60 
14/03/01;1166.70 
13/03/01;1197.70 
12/03/01;1180.20 
09/03/01;1233.40 
08/03/01;1264.70 
07/03/01;1261.90 
06/03/01;1253.80 
05/03/01;1241.40 
02/03/01;1234.20 
01/03/01;1241.20 
28/02/01;1239.90 
27/02/01;1257.90 
26/02/01;1267.70 
23/02/01;1245.90 
22/02/01;1252.80 
21/02/01;1255.30 
20/02/01;1278.90 
16/02/01;1301.50 
15/02/01;1326.60 
14/02/01;1315.90 
13/02/01;1318.80 
12/02/01;1330.30 
09/02/01;1314.80 
08/02/01;1332.50 
07/02/01;1340.90 
06/02/01;1352.30 
05/02/01;1354.30 
02/02/01;1349.50 
01/02/01;1373.50 
31/01/01;1366.00 
30/01/01;1373.70 
29/01/01;1364.20 
26/01/01;1355.00 
25/01/01;1357.50 
24/01/01;1364.30 
23/01/01;1360.40 
22/01/01;1342.90 
19/01/01;1342.50 
18/01/01;1348.00 
17/01/01;1329.50 
16/01/01;1326.70 
12/01/01;1318.30 
11/01/01;1326.80 
10/01/01;1313.30 
09/01/01;1300.80 
08/01/01;1295.90 
05/01/01;1298.30 
04/01/01;1333.30 
03/01/01;1347.60 
02/01/01;1283.30 
29/12/00;1320.30 
28/12/00;1334.20 
27/12/00;1328.90 
26/12/00;1315.20 
22/12/00;1306.00 
21/12/00;1274.90 
20/12/00;1264.70 
19/12/00;1305.60 
18/12/00;1322.70 
15/12/00;1312.20 
14/12/00;1340.90 
13/12/00;1360.00 
12/12/00;1371.20 
11/12/00;1380.20 
08/12/00;1369.90 
07/12/00;1343.50 
06/12/00;1351.50 
05/12/00;1376.50 
04/12/00;1325.00 
01/12/00;1315.20 
30/11/00;1315.00 
29/11/00;1341.90 
28/11/00;1336.10 
27/11/00;1349.00 
24/11/00;1341.80 
22/11/00;1322.40 
21/11/00;1347.30 
20/11/00;1342.60 
17/11/00;1367.70 
16/11/00;1372.30 
15/11/00;1389.80 
14/11/00;1383.00 
13/11/00;1351.30 
10/11/00;1366.00 
09/11/00;1400.10 
08/11/00;1409.30 
07/11/00;1431.90 
06/11/00;1432.20 
03/11/00;1426.70 
02/11/00;1428.30 
01/11/00;1421.20 
31/10/00;1429.40 
30/10/00;1398.70 
27/10/00;1379.60 
26/10/00;1364.40 
25/10/00;1364.90 
24/10/00;1398.10 
23/10/00;1395.80 
20/10/00;1396.90 
19/10/00;1388.80 
18/10/00;1342.10 
17/10/00;1350.00 
16/10/00;1374.60 
13/10/00;1374.20 
12/10/00;1329.80 
11/10/00;1364.60 
10/10/00;1387.00 
09/10/00;1402.00 
06/10/00;1409.00 
05/10/00;1436.30 
04/10/00;1434.30 
03/10/00;1426.50 
02/10/00;1436.20 
29/09/00;1436.50 
28/09/00;1458.30 
27/09/00;1426.60 
26/09/00;1427.20 
25/09/00;1439.00 
22/09/00;1448.70 
21/09/00;1449.00 
20/09/00;1451.30 
19/09/00;1459.90 
18/09/00;1444.50 
15/09/00;1465.80 
14/09/00;1480.90 
13/09/00;1484.90 
12/09/00;1482.00 
11/09/00;1489.30 
08/09/00;1494.50 
07/09/00;1502.50 
06/09/00;1492.20 
05/09/00;1507.10 
01/09/00;1520.80 
31/08/00;1517.70 
30/08/00;1502.60 
29/08/00;1509.80 
28/08/00;1514.10 
25/08/00;1506.50 
24/08/00;1508.30 
23/08/00;1506.00 
22/08/00;1498.10 
21/08/00;1499.50 
18/08/00;1491.70 
17/08/00;1496.10 
16/08/00;1479.80 
15/08/00;1484.40 
14/08/00;1491.60 
11/08/00;1471.80 
10/08/00;1460.20 
09/08/00;1472.90 
08/08/00;1482.80 
07/08/00;1479.30 
04/08/00;1462.90 
03/08/00;1452.60 
02/08/00;1438.70 
01/08/00;1438.10 
31/07/00;1430.80 
28/07/00;1419.90 
27/07/00;1449.60 
26/07/00;1452.40 
25/07/00;1474.50 
24/07/00;1464.30 
21/07/00;1480.20 
20/07/00;1495.60 
19/07/00;1482.00 
18/07/00;1493.70 
17/07/00;1510.50 
14/07/00;1510.00 
13/07/00;1495.80 
12/07/00;1492.90 
11/07/00;1480.90 
10/07/00;1475.60 
07/07/00;1478.90 
06/07/00;1456.70 
05/07/00;1446.20 
03/07/00;1469.50 
30/06/00;1454.60 
29/06/00;1442.40 
28/06/00;1454.80 
27/06/00;1450.50 
26/06/00;1455.30 
23/06/00;1441.50 
22/06/00;1452.20 
21/06/00;1479.10 
20/06/00;1476.00 
19/06/00;1486.00 
16/06/00;1464.50 
15/06/00;1478.70 
14/06/00;1470.50 
13/06/00;1469.40 
12/06/00;1446.00 
09/06/00;1457.00 
08/06/00;1461.70 
07/06/00;1471.40 
06/06/00;1457.80 
05/06/00;1467.60 
02/06/00;1477.30 
01/06/00;1448.80 
31/05/00;1420.60 
30/05/00;1422.50 
26/05/00;1378.00 
25/05/00;1381.50 
24/05/00;1399.00 
23/05/00;1373.90 
22/05/00;1400.70 
19/05/00;1407.00 
18/05/00;1437.20 
17/05/00;1447.80 
16/05/00;1466.00 
15/05/00;1452.40 
12/05/00;1421.00 
11/05/00;1407.80 
10/05/00;1383.00 
09/05/00;1412.10 
08/05/00;1424.20 
05/05/00;1432.60 
04/05/00;1409.60 
03/05/00;1415.10 
02/05/00;1446.30 
01/05/00;1468.20 
28/04/00;1452.40 
27/04/00;1464.90 
26/04/00;1461.00 
25/04/00;1477.40 
24/04/00;1429.90 
20/04/00;1434.50 
19/04/00;1427.50 
18/04/00;1441.60 
17/04/00;1401.40 
14/04/00;1356.60 
13/04/00;1440.50 
12/04/00;1467.20 
11/04/00;1500.60 
10/04/00;1504.50 
07/04/00;1516.30 
06/04/00;1501.30 
05/04/00;1487.40 
04/04/00;1494.70 
03/04/00;1506.00 
31/03/00;1498.60 
30/03/00;1487.90 
29/03/00;1508.50 
28/03/00;1507.70 
27/03/00;1523.90 
24/03/00;1527.50 
23/03/00;1527.30 
22/03/00;1500.60 
21/03/00;1493.90 
20/03/00;1456.60 
17/03/00;1464.50 
16/03/00;1458.50 
15/03/00;1392.20 
14/03/00;1359.20 
13/03/00;1383.60 
10/03/00;1395.10 
09/03/00;1401.70 
08/03/00;1366.70 
07/03/00;1355.60 
06/03/00;1391.30 
03/03/00;1409.20 
02/03/00;1381.80 
01/03/00;1379.20 
29/02/00;1366.40 
28/02/00;1348.00 
25/02/00;1333.40 
24/02/00;1353.40 
23/02/00;1360.70 
22/02/00;1352.20 
18/02/00;1346.10 
17/02/00;1388.30 
16/02/00;1387.70 
15/02/00;1402.00 
14/02/00;1389.90 
11/02/00;1387.10 
10/02/00;1416.80 
09/02/00;1411.70 
08/02/00;1441.70 
07/02/00;1424.20 
04/02/00;1424.40 
03/02/00;1425.00 
02/02/00;1409.10 
01/02/00;1409.30 
31/01/00;1394.50 
28/01/00;1360.20 
27/01/00;1398.60 
26/01/00;1404.10 
25/01/00;1410.00 
24/01/00;1401.50 
21/01/00;1441.40 
20/01/00;1445.60 
19/01/00;1455.90 
18/01/00;1455.10 
14/01/00;1465.20 
13/01/00;1449.70 
12/01/00;1432.20 
11/01/00;1438.60 
10/01/00;1457.60 
07/01/00;1441.50 
06/01/00;1403.50 
05/01/00;1402.10 
04/01/00;1399.40 
03/01/00;1455.20 
